local-authority-code,official-name,nice-name,gss-code,nation,region,local-authority-type,local-authority-type-name,county-la,combined-authority,alt-names,former-gss-codes,current-authority,lower-or-unitary,open-council-data-id,lat,long,pop-2020,end-date,replaced-by
ABC,"Armagh City, Banbridge and Craigavon Borough Council","Armagh City, Banbridge and Craigavon",N09000002,Northern Ireland,Northern Ireland,NID,NI district,,,"Armagh City, Banbridge and Craigavon,armagh city, banbridge and craigavon,armagh, banbridge and craigavon",,True,True,1002.0,54.36919159394883,-6.456724092266463,217232.0,,
ABD,Aberdeenshire Council,Aberdeenshire,S12000034,Scotland,Scotland,SCO,Scottish unitary authority,,,"Aberdeenshire,aberdeenshire,aberdeenshire council",,True,True,296.0,57.24111852952641,-2.631990989926155,260780.0,,
ABE,Aberdeen City Council,Aberdeen City,S12000033,Scotland,Scotland,SCO,Scottish unitary authority,,,"Aberdeen City,aberdeen c ity,aberdeen city,aberdeen city council,aberdeen cuty,aberdeen,city of aberdeen",,True,True,295.0,57.15577518068948,-2.1736362601948294,229060.0,,
ADU,Adur District Council,Adur,E07000223,England,South East,NMD,Non-metropolitan district,WSX,,Adur,,True,True,165.0,50.844441271809465,-0.2985307978506628,64187.0,,
AGB,Argyll and Bute Council,Argyll and Bute,S12000035,Scotland,Scotland,SCO,Scottish unitary authority,,,"Argyll and Bute,argyll and bute,argyll and bute council",,True,True,298.0,56.121897301172176,-5.5027949718846205,85430.0,,
AGY,Isle of Anglesey County Council,Isle of Anglesey,W06000001,Wales,Wales,WPA,Welsh unitary authority,,,"Isle of Anglesey,Sir Ynys Mï¿½n,anglesey,isle of anglesey,isle of anglesey county council,ynys mn",,True,True,392.0,53.2859774445482,-4.374488295194839,70440.0,,
ALL,Allerdale Borough Council,Allerdale,E07000026,England,North West,NMD,Non-metropolitan district,CMA,,Allerdale,,False,True,28.0,54.71108952940033,-3.2472347297148736,97831.0,2023-04-01,CBD
AMB,Amber Valley Borough Council,Amber Valley,E07000032,England,East Midlands,NMD,Non-metropolitan district,DBY,,Amber Valley,,True,True,170.0,53.02923578798895,-1.4666587371164486,128829.0,,
AND,Ards and North Down Borough Council,Ards and North Down,N09000011,Northern Ireland,Northern Ireland,NID,NI district,,,"Ards and North Down,ards and north down,north down and ards",,True,True,1011.0,54.53427958142684,-5.6293125548116505,162056.0,,
ANN,Antrim and Newtownabbey Borough Council,Antrim and Newtownabbey,N09000001,Northern Ireland,Northern Ireland,NID,NI district,,,"Antrim and Newtownabbey,antrim and newtownabbey",,True,True,1001.0,54.70179484730147,-6.197767962713325,143756.0,,
ANS,Angus Council,Angus,S12000041,Scotland,Scotland,SCO,Scottish unitary authority,,,"Angus,angus,angus council",,True,True,297.0,56.72396259493627,-2.917443202168784,115820.0,,
ARU,Arun District Council,Arun,E07000224,England,South East,NMD,Non-metropolitan district,WSX,,Arun,,True,True,29.0,50.84087482329936,-0.5681884889528159,161123.0,,
ASF,Ashford Borough Council,Ashford,E07000105,England,South East,NMD,Non-metropolitan district,KEN,,Ashford,,True,True,31.0,51.12529509104035,0.8112981989241088,131018.0,,
ASH,Ashfield District Council,Ashfield,E07000170,England,East Midlands,NMD,Non-metropolitan district,NTT,,Ashfield,,True,True,30.0,53.09225848020578,-1.2591513420286131,128337.0,,
AYL,Aylesbury Vale District Council,Aylesbury Vale,E07000004,England,South East,NMD,Non-metropolitan district,BKM,,Aylesbury Vale,,False,True,32.0,,,,2020-03-31,BUC
BAB,Babergh District Council,Babergh,E07000200,England,East of England,NMD,Non-metropolitan district,SFK,,Babergh,,True,True,33.0,52.05062705050395,0.9153154171142276,92735.0,,
BAE,Bassetlaw District Council,Bassetlaw,E07000171,England,East Midlands,NMD,Non-metropolitan district,NTT,,Bassetlaw,,True,True,35.0,53.33277073113091,-0.9589166216011292,118280.0,,
BAI,Basildon Borough Council,Basildon,E07000066,England,East of England,NMD,Non-metropolitan district,ESS,,"Basildon,basildon,basildon borough council,basildon district",,True,True,171.0,51.59013206565409,0.4662938386691312,187558.0,,
BAN,Basingstoke and Deane Borough Council,Basingstoke and Deane,E07000084,England,South East,NMD,Non-metropolitan district,HAM,,"Basingstoke and Deane,Basingstoke & Deane",,True,True,172.0,51.27345898373285,-1.2009435842572471,177760.0,,
BAR,Barrow-in-Furness Borough Council,Barrow-in-Furness,E07000027,England,North West,NMD,Non-metropolitan district,CMA,,Barrow-in-Furness,,False,True,34.0,54.126557340666345,-3.2122852054861,66726.0,2023-04-01,WAF
BAS,Bath and North East Somerset Council,Bath and North East Somerset,E06000022,England,South West,UA,Unitary authority,,WECA,"Bath and North East Somerset,Bath & North East Somerset UA,bath and north east somerset,bath and north east somerset council",,True,True,327.0,51.35598528238205,-2.475256294617867,196357.0,,
BBD,Blackburn with Darwen Borough Council,Blackburn with Darwen,E06000008,England,North West,UA,Unitary authority,,,"Blackburn with Darwen,Blackburn With Darwen UA,blackburn,blackburn with darwen,blackburn with darwen borough council",,True,True,365.0,53.69261245008202,-2.4675476946208126,150030.0,,
BDF,Bedford Borough Council,Bedford,E06000055,England,East of England,UA,Unitary authority,,,"Bedford,Bedford UA,bedford,bedford borough council",,True,True,328.0,52.18918053057245,-0.4770824350213,174687.0,,
BDG,London Borough of Barking and Dagenham,Barking and Dagenham,E09000002,England,London,LBO,London borough,,GLA,"Barking and Dagenham,Barking & Dagenham,barking and dagenham,barking and dagenham london boro,london borough of barking and dagenham",,True,True,227.0,51.54397116248155,0.1331640246336178,214107.0,,
BEN,London Borough of Brent,Brent,E09000005,England,London,LBO,London borough,,GLA,"Brent,brent,brent london boro,london borough of brent",,True,True,230.0,51.55854916343554,-0.2678095362801607,327753.0,,
BEX,London Borough of Bexley,Bexley,E09000004,England,London,LBO,London borough,,GLA,"Bexley,bexley,bexley london boro,london borough of bexley",,True,True,229.0,51.46088630809562,0.1423430949338968,249301.0,,
BFS,Belfast City Council,Belfast,N09000003,Northern Ireland,Northern Ireland,NID,NI district,,,"Belfast,belfast,belfast city,belfast city council",,True,True,1003.0,54.596349107275046,-5.942816284418816,342560.0,,
BGE,Bridgend County Borough Council,Bridgend,W06000013,Wales,Wales,WPA,Welsh unitary authority,,,"Bridgend,Pen-y-bont ar Ogwr,bridgend,bridgend county borough,bridgend county borough council,pen-y-bont ar ogwr",,True,True,383.0,51.55584682087967,-3.600387801234953,147539.0,,
BGW,Blaenau Gwent County Borough Council,Blaenau Gwent,W06000019,Wales,Wales,WPA,Welsh unitary authority,,,"Blaenau Gwent,blaenau gwent,blaenau gwent county borough council",,True,True,382.0,51.76673994972447,-3.193818628755711,70020.0,,
BIR,Birmingham City Council,Birmingham,E08000025,England,West Midlands,MD,Metropolitan district,,WMCA,"Birmingham,birmingham,birmingham city council,birmingham district",,True,True,259.0,52.48854726877568,-1.874802373006662,1140525.0,,
BKM,Buckinghamshire County Council,Buckinghamshire County,E10000002,England,,CTY,County,,,"Buckinghamshire County,buckinghamshire county,buckinghamshire county council",,False,False,1.0,,,,2020-03-31,BUC
BLA,Blaby District Council,Blaby,E07000129,England,East Midlands,NMD,Non-metropolitan district,LEC,,Blaby,,True,True,36.0,52.571507634482245,-1.2219618985461445,101950.0,,
BMH,Bournemouth Borough Council,Bournemouth,E06000028,England,,UA,Unitary authority,,,"Bournemouth,Bournemouth UA,bournemouth,bournemouth borough council",,False,True,330.0,,,,2019-03-31,BPC
BNE,London Borough of Barnet,Barnet,E09000003,England,London,LBO,London borough,,GLA,Barnet,,True,True,228.0,51.616019902950086,-0.2100095486996198,399007.0,,
BNH,Brighton and Hove City Council,Brighton and Hove,E06000043,England,South East,UA,Unitary authority,,,"Brighton and Hove,Brighton & Hove UA,brighton and hove,brighton and hove city council,city of brighton and hove,the city of brighton and hove",,True,True,332.0,50.84348509595687,-0.1331354533735592,291738.0,,
BNS,Barnsley Metropolitan Borough Council,Barnsley,E08000016,England,Yorkshire and The Humber,MD,Metropolitan district,,SCR,"Barnsley,barnsley,barnsley district,barnsley metropolitan borough council",,True,True,264.0,53.535870544281714,-1.5325745833475837,248071.0,,
BOL,Bolton Metropolitan Borough Council,Bolton,E08000001,England,North West,MD,Metropolitan district,,GMCA,"Bolton,bolton,bolton district,bolton metropolitan borough council",,True,True,265.0,53.57863238912571,-2.4669702024726585,288248.0,,
BOS,Bolsover District Council,Bolsover,E07000033,England,East Midlands,NMD,Non-metropolitan district,DBY,,Bolsover,,True,True,37.0,53.215626935522,-1.2773246815469628,81305.0,,
BOT,Boston Borough Council,Boston,E07000136,England,East Midlands,NMD,Non-metropolitan district,LIN,,Boston,,True,True,38.0,52.97415774295703,-0.0223468410857168,70837.0,,
BPC,"Bournemouth, Christchurch and Poole Council","Bournemouth, Christchurch and Poole",E06000058,England,South West,UA,Unitary authority,,,"Bournemouth, Christchurch and Poole,Bournemouth Christchurch and Poole,bournemouth, christchurch and poole borough council",,True,True,,50.74701827327496,-1.8832767544275932,396989.0,,
BPL,Blackpool Borough Council,Blackpool,E06000009,England,North West,UA,Unitary authority,,,"Blackpool,Blackpool UA,blackpool,blackpool borough council",,True,True,329.0,53.817662831154095,-3.035526339791786,138381.0,,
BRA,Braintree District Council,Braintree,E07000067,England,East of England,NMD,Non-metropolitan district,ESS,,"Braintree,braintree,braintree district,braintree district council",,True,True,39.0,51.94182898789511,0.5899319151089268,153091.0,,
BRC,Bracknell Forest Council,Bracknell Forest,E06000036,England,South East,UA,Unitary authority,,,"Bracknell Forest,Bracknell Forest UA",,True,True,331.0,51.40811249783455,-0.7397376225054983,124165.0,,
BRD,City of Bradford Metropolitan District Council,Bradford,E08000032,England,Yorkshire and The Humber,MD,Metropolitan district,,WYCA,"Bradford,bradford,bradford district,bradford mdc,bradford metropolitan district council",,True,True,266.0,53.844670463422645,-1.8546713066320164,542128.0,,
BRE,Breckland District Council,Breckland,E07000143,England,East of England,NMD,Non-metropolitan district,NFK,,Breckland,,True,True,40.0,52.58792949857004,0.8372758295704289,141255.0,,
BRM,Bromsgrove District Council,Bromsgrove,E07000234,England,West Midlands,NMD,Non-metropolitan district,WOR,,"Bromsgrove,bromsgrove,bromsgrove district,bromsgrove district council",,True,True,42.0,52.36175127188989,-2.0160150230400915,100569.0,,
BRO,Broadland District Council,Broadland,E07000144,England,East of England,NMD,Non-metropolitan district,NFK,,"Broadland,broadland,broadland district,broadland district council",,True,True,41.0,52.70119535223855,1.310617336242662,131931.0,,
BRT,Broxtowe Borough Council,Broxtowe,E07000172,England,East Midlands,NMD,Non-metropolitan district,NTT,,Broxtowe,,True,True,43.0,52.976421123234864,-1.262094876957465,114627.0,,
BRW,Brentwood Borough Council,Brentwood,E07000068,England,East of England,NMD,Non-metropolitan district,ESS,,Brentwood,,True,True,173.0,51.63863512910911,0.3107597898290793,77242.0,,
BRX,Broxbourne Borough Council,Broxbourne,E07000095,England,East of England,NMD,Non-metropolitan district,HRT,,"Broxbourne,borough of broxbourne",,True,True,174.0,51.72511088131843,-0.0473752772279139,97592.0,,
BRY,London Borough of Bromley,Bromley,E09000006,England,London,LBO,London borough,,GLA,"Bromley,bromley,bromley london boro,london borough of bromley",,True,True,231.0,51.37198136539254,0.0515336301011905,332752.0,,
BST,Bristol City Council,City of Bristol,E06000023,England,South West,UA,Unitary authority,,WECA,"City of Bristol,Bristol, City of,Bristol UA,bristol,bristol city council,bristol city of,bristol, city of,city of bristol",,True,True,366.0,51.45274453311869,-2.770838705597792,465866.0,,
BUC,Buckinghamshire Council,Buckinghamshire,E06000060,England,South East,UA,Unitary authority,,,"Buckinghamshire,buckinghamshire",,True,True,,51.78496412170722,-0.8115708416412193,547060.0,,
BUN,Burnley Borough Council,Burnley,E07000117,England,North West,NMD,Non-metropolitan district,LAN,,Burnley,,True,True,175.0,53.77893551349885,-2.221945291812633,89344.0,,
BUR,Bury Metropolitan Borough Council,Bury,E08000002,England,North West,MD,Metropolitan district,,GMCA,"Bury,bury,bury district,bury metropolitan borough council",,True,True,267.0,53.58783918019242,-2.3125533829090674,190708.0,,
CAB,Cambridge City Council,Cambridge,E07000008,England,East of England,NMD,Non-metropolitan district,CAM,CPCA,Cambridge,,True,True,176.0,52.1993686500059,0.1329234089619653,125063.0,,
CAM,Cambridgeshire County Council,Cambridgeshire,E10000003,England,East of England,CTY,County,,CPCA,"Cambridgeshire,cambridgeshire,cambridgeshire county,cambridgeshire county council",,True,False,2.0,52.33042455105452,0.0698969059309227,657204.0,,
CAN,Cannock Chase District Council,Cannock Chase,E07000192,England,West Midlands,NMD,Non-metropolitan district,STS,,Cannock Chase,,True,True,177.0,52.71238260917647,-1.980231864126481,101484.0,,
CAR,Carlisle City Council,Carlisle,E07000028,England,North West,NMD,Non-metropolitan district,CMA,,Carlisle,,False,True,178.0,54.97090807108776,-2.80943938058399,108524.0,2023-04-01,CBD
CAS,Castle Point Borough Council,Castle Point,E07000069,England,East of England,NMD,Non-metropolitan district,ESS,,Castle Point,,True,True,179.0,51.53640846878514,0.5945937763712772,90524.0,,
CAT,Canterbury City Council,Canterbury,E07000106,England,South East,NMD,Non-metropolitan district,KEN,,Canterbury,,True,True,44.0,51.283226972262185,1.1018038741371656,166762.0,,
CAY,Caerphilly County Borough Council,Caerphilly,W06000018,Wales,Wales,WPA,Welsh unitary authority,,,"Caerphilly,Caerffili,caerffili,caerphilly,caerphilly county borough,caerphilly county borough council",,True,True,384.0,51.65327017312874,-3.204897324206928,181731.0,,
CBD,Cumberland Council,Cumberland,E06000063,England,North West,UA,Unitary authority,,,"Cumberland,cumberland",,True,True,,54.69862280385885,-3.14326575232159,274396.0,,
CBF,Central Bedfordshire Council,Central Bedfordshire,E06000056,England,East of England,UA,Unitary authority,,,"Central Bedfordshire,Central Bedfordshire UA,central bedfordshire,central bedfordshire council",,True,True,333.0,52.00662956306432,-0.4362919550907491,294096.0,,
CCG,Causeway Coast and Glens Borough Council,Causeway Coast and Glens,N09000004,Northern Ireland,Northern Ireland,NID,NI district,,,"Causeway Coast and Glens,causeway coast and glens",,True,True,1004.0,55.06025300100164,-6.5915666961414905,144943.0,,
CGN,Ceredigion County Council,Ceredigion,W06000008,Wales,Wales,WPA,Welsh unitary authority,,,"Ceredigion,ceredigion,ceredigion county council",,True,True,387.0,52.25586800095228,-4.07313572007993,72895.0,,
CHA,Charnwood Borough Council,Charnwood,E07000130,England,East Midlands,NMD,Non-metropolitan district,LEC,,Charnwood,,True,True,45.0,52.73700682350879,-1.1461358454775714,188416.0,,
CHC,Christchurch Borough Council,Christchurch,E07000048,England,,NMD,Non-metropolitan district,DOR,,Christchurch,,False,True,50.0,,,,2019-03-31,BPC
CHE,Cheshire East Council,Cheshire East,E06000049,England,North West,UA,Unitary authority,,,"Cheshire East,Cheshire East UA",,True,True,334.0,53.18027089095206,-2.3499425324278875,386667.0,,
CHI,Chichester District Council,Chichester,E07000225,England,South East,NMD,Non-metropolitan district,WSX,,"Chichester,chichester,chichester district,chichester district council",,True,True,48.0,50.93742239927705,-0.7422637516761059,121508.0,,
CHL,Chelmsford City Council,Chelmsford,E07000070,England,East of England,NMD,Non-metropolitan district,ESS,,"Chelmsford,chelmsford,chelmsford city council,chelmsford district",,True,True,46.0,51.72542787780269,0.4809159572751528,179549.0,,
CHN,Chiltern District Council,Chiltern,E07000005,England,South East,NMD,Non-metropolitan district,BKM,,Chiltern,,False,True,49.0,,,,2020-03-31,BUC
CHO,Chorley Borough Council,Chorley,E07000118,England,North West,NMD,Non-metropolitan district,LAN,,Chorley,,True,True,181.0,53.661483218279066,-2.6478813276134514,118870.0,,
CHR,Cherwell District Council,Cherwell,E07000177,England,South East,NMD,Non-metropolitan district,OXF,,Cherwell,,True,True,180.0,51.95878327831902,-1.2755951739539153,151846.0,,
CHS,Chesterfield Borough Council,Chesterfield,E07000034,England,East Midlands,NMD,Non-metropolitan district,DBY,,Chesterfield,,True,True,47.0,53.25628073222804,-1.401230942639715,104930.0,,
CHT,Cheltenham Borough Council,Cheltenham,E07000078,England,South West,NMD,Non-metropolitan district,GLS,,"Cheltenham,cheltenham,cheltenham borough council,cheltenham district",,True,True,166.0,51.896999473016216,-2.074022323887118,116043.0,,
CHW,Cheshire West and Chester Council,Cheshire West and Chester,E06000050,England,North West,UA,Unitary authority,,,"Cheshire West and Chester,Cheshire West And Chester UA",,True,True,335.0,53.2001564783003,-2.7358562336423207,343823.0,,
CLD,Calderdale Metropolitan Borough Council,Calderdale,E08000033,England,Yorkshire and The Humber,MD,Metropolitan district,,WYCA,"Calderdale,calderdale,calderdale district,calderdale metropolitan borough council",,True,True,268.0,53.72117992991813,-1.973412633228741,211439.0,,
CLK,Clackmannanshire Council,Clackmannanshire,S12000005,Scotland,Scotland,SCO,Scottish unitary authority,,,"Clackmannanshire,clackmannan,clackmannanshire,clackmannanshire council",,True,True,299.0,56.1504696749377,-3.7422223804780823,51290.0,,
CMA,Cumbria County Council,Cumbria,E10000006,England,North West,CTY,County,,,"Cumbria,cumbria,cumbria county,cumbria county council",,False,False,3.0,54.52162675715457,-3.01965259637251,499781.0,2023-04-01,"CBD,WAF"
CMD,London Borough of Camden,Camden,E09000007,England,London,LBO,London borough,,GLA,"Camden,camden,camden london boro,london borough of camden",,True,True,232.0,51.54638879998844,-0.1574137310555219,279516.0,,
CMN,Carmarthenshire County Council,Carmarthenshire,W06000010,Wales,Wales,WPA,Welsh unitary authority,,,"Carmarthenshire,Sir Gaerfyrddin,carmarthenshire,carmarthenshire county council,sir gaerfyrddin",,True,True,386.0,51.89969703260824,-4.1631782678827935,190073.0,,
COL,Colchester Borough Council,Colchester,E07000071,England,East of England,NMD,Non-metropolitan district,ESS,,Colchester,,True,True,182.0,51.8725217524317,0.8609023195144947,197200.0,,
CON,Cornwall Council,Cornwall,E06000052,England,South West,UA,Unitary authority,,,"Cornwall,Cornwall UA,cornwall,cornwall council",,True,True,336.0,50.405621088625495,-4.8272121847503335,573299.0,,
COP,Copeland Borough Council,Copeland,E07000029,England,North West,NMD,Non-metropolitan district,CMA,,Copeland,,False,True,51.0,54.41387081108845,-3.373123146665906,68041.0,2023-04-01,CBD
COR,Corby Borough Council,Corby,E07000150,England,East Midlands,NMD,Non-metropolitan district,NTH,,Corby,,False,True,52.0,,,,2021-04-01,NNT
COT,Cotswold District Council,Cotswold,E07000079,England,South West,NMD,Non-metropolitan district,GLS,,Cotswold,,True,True,53.0,51.81645164925951,-1.8929521615729048,90264.0,,
COV,Coventry City Council,Coventry,E08000026,England,West Midlands,MD,Metropolitan district,,WMCA,"Coventry,coventry,coventry city council,coventry district",,True,True,269.0,52.41686840256354,-1.5197503069602478,379387.0,,
CPCA,Cambridgeshire and Peterborough Combined Authority,Cambridgeshire and Peterborough,E47000008,England,East of England,COMB,Combined authority,,,Cambridgeshire and Peterborough CA,,True,False,,,,1517034.0,,
CRA,Craven District Council,Craven,E07000163,England,Yorkshire and The Humber,NMD,Non-metropolitan district,NYK,,Craven,,False,True,183.0,54.07982705502182,-2.174251040107192,57338.0,2023-04-01,NYE
CRF,City of Cardiff Council,Cardiff,W06000015,Wales,Wales,WPA,Welsh unitary authority,,,"Cardiff,Caerdydd,The City of Cardiff Council,caerdydd,cardiff,Cardiff Council,city of cardiff council",,True,True,385.0,51.50843842783544,-3.1995849946227457,369202.0,,
CRW,Crawley Borough Council,Crawley,E07000226,England,South East,NMD,Non-metropolitan district,WSX,,"Crawley,crawley,crawley borough council,crawley district",,True,True,184.0,51.12547062504087,-0.1820346228346824,112474.0,,
CRY,London Borough of Croydon,Croydon,E09000008,England,London,LBO,London borough,,GLA,"Croydon,croydon,croydon london boro,london borough of croydon",,True,True,233.0,51.35532032252435,-0.0871674481177516,388563.0,,
CWY,Conwy County Borough Council,Conwy,W06000003,Wales,Wales,WPA,Welsh unitary authority,,,"Conwy,conwy,conwy county borough council",,True,True,388.0,53.14029370187368,-3.735784303459585,118184.0,,
DAC,Dacorum Borough Council,Dacorum,E07000096,England,East of England,NMD,Non-metropolitan district,HRT,,Dacorum,,True,True,54.0,51.77818248395021,-0.5408769698948943,155457.0,,
DAL,Darlington Borough Council,Darlington,E06000005,England,North East,UA,Unitary authority,,TVCA,"Darlington,Darlington UA,darlington,darlington borough council",,True,True,337.0,54.54869912943138,-1.5525869915306274,107402.0,,
DAR,Dartford Borough Council,Dartford,E07000107,England,South East,NMD,Non-metropolitan district,KEN,,Dartford,,True,True,55.0,51.43145291071959,0.2531677770353175,114051.0,,
DAV,Daventry District Council,Daventry,E07000151,England,East Midlands,NMD,Non-metropolitan district,NTH,,Daventry,,False,True,185.0,,,,2021-04-01,WNT
DBY,Derbyshire County Council,Derbyshire,E10000007,England,West Midlands,CTY,County,,EMCA,"Derbyshire,derbyshire,derbyshire county,derbyshire county council",,True,False,4.0,53.08723783838844,-1.5643477517812396,807183.0,,
DEB,Derbyshire Dales District Council,Derbyshire Dales,E07000035,England,East Midlands,NMD,Non-metropolitan district,DBY,,Derbyshire Dales,,True,True,56.0,53.12815027934681,-1.6936800671335397,72422.0,,
DEN,Denbighshire County Council,Denbighshire,W06000004,Wales,Wales,WPA,Welsh unitary authority,,,"Denbighshire,Sir Ddinbych,denbighshire,denbighshire county council,sir ddinbych",,True,True,389.0,53.09188071586327,-3.354094575382163,96664.0,,
DER,Derby City Council,Derby,E06000015,England,East Midlands,UA,Unitary authority,,EMCA,"Derby,Derby City UA,Derby UA,city of derby,derby,derby city,derby city council",,True,True,367.0,52.91254467825421,-1.4683439126887443,256814.0,,
DEV,Devon County Council,Devon,E10000008,England,South West,CTY,County,,,"Devon,devon,devon county,devon county council",,True,False,5.0,51.435878796258194,-3.171283841800086,810716.0,,
DGY,Dumfries and Galloway Council,Dumfries and Galloway,S12000006,Scotland,Scotland,SCO,Scottish unitary authority,,,"Dumfries and Galloway,Dumfries & Galloway Council,dumfries and galloway,dumfries and galloway council",,True,True,300.0,55.07114211423124,-3.9595069387119786,148290.0,,
DNC,City of Doncaster Council,Doncaster,E08000017,England,Yorkshire and The Humber,MD,Metropolitan district,,SCR,"Doncaster,doncaster,doncaster district,doncaster metropolitan borough council,city of doncaster council,city of doncaster,doncaster city council,doncaster city",,True,True,260.0,53.54430209689559,-1.09577019730934,312785.0,,
DND,Dundee City Council,Dundee City,S12000042,Scotland,Scotland,SCO,Scottish unitary authority,,,"Dundee City,city of dundee,dundee,dundee city,dundee city council",,True,True,301.0,56.47712254925224,-2.969660226014608,148820.0,,
DOR,Dorset County Council,Dorset County,E10000009,England,South West,CTY,County,,,"Dorset County,dorset county,dorset county council",,False,False,6.0,50.490189362808415,-3.74005580438028,222985.0,2019-03-31,DST
DOV,Dover District Council,Dover,E07000108,England,South East,NMD,Non-metropolitan district,KEN,,Dover,,True,True,57.0,51.21228077260466,1.2892144190524706,118514.0,,
DRS,Derry City and Strabane District Council,Derry City and Strabane,N09000005,Northern Ireland,Northern Ireland,NID,NI district,,,"Derry City and Strabane,derry and strabane,derry city and strabane",,True,True,1005.0,54.82031594034712,-7.360384985034971,151109.0,,
DST,Dorset Council,Dorset Council,E06000059,England,South West,UA,Unitary authority,,,"Dorset Council,Dorset,dorset",,True,True,,50.80636608389956,-2.333555874724508,379791.0,,
DUD,Dudley Metropolitan Borough Council,Dudley,E08000027,England,West Midlands,MD,Metropolitan district,,WMCA,"Dudley,dudley,dudley district,dudley metropolitan borough council",,True,True,270.0,52.48285066829759,-2.1087361271763,322363.0,,
DUR,Durham County Council,County Durham,E06000047,England,North East,UA,Unitary authority,,NECA,"County Durham,Durham,Durham UA,county durham,durham,durham county council",,True,True,338.0,54.695458247678815,-1.8399127280188772,533149.0,,
EAL,London Borough of Ealing,Ealing,E09000009,England,London,LBO,London borough,,GLA,"Ealing,ealing,ealing london boro,london borough of ealing",,True,True,234.0,51.52247098761109,-0.3310288976681463,340341.0,,
EAS,Eastbourne Borough Council,Eastbourne,E07000061,England,South East,NMD,Non-metropolitan district,ESX,,Eastbourne,,True,True,66.0,50.77623053873892,0.2662294460774007,103324.0,,
EAT,Eastleigh Borough Council,Eastleigh,E07000086,England,South East,NMD,Non-metropolitan district,HAM,,Eastleigh,,True,True,67.0,50.9330194885229,-1.3272006847774496,135520.0,,
EAY,East Ayrshire Council,East Ayrshire,S12000008,Scotland,Scotland,SCO,Scottish unitary authority,,,"East Ayrshire,east ayrshire,east ayrshire council",,True,True,302.0,55.48500986132203,-4.314201519306809,121600.0,,
ECA,East Cambridgeshire District Council,East Cambridgeshire,E07000009,England,East of England,NMD,Non-metropolitan district,CAM,CPCA,East Cambridgeshire,,True,True,58.0,52.34291759952867,0.2947826976457143,90172.0,,
EDE,East Devon District Council,East Devon,E07000040,England,South West,NMD,Non-metropolitan district,DEV,,"East Devon,east devon,east devon district,east devon district council",,True,True,59.0,50.76442428243673,-3.2242493835224417,148080.0,,
EDH,City of Edinburgh Council,City of Edinburgh,S12000036,Scotland,Scotland,SCO,Scottish unitary authority,,,"City of Edinburgh,city of edinburgh,city of edinburgh council,edinburgh,edinburgh (city of),edinburgh, city of",,True,True,306.0,55.92649397689883,-3.2884043611663585,527620.0,,
EDN,Eden District Council,Eden,E07000030,England,North West,NMD,Non-metropolitan district,CMA,,Eden,,False,True,68.0,54.61277864588224,-2.621821122539382,53754.0,2023-04-01,WAF
EDO,East Dorset District Council,East Dorset,E07000049,England,,NMD,Non-metropolitan district,DOR,,"East Dorset,east dorset,east dorset district,east dorset district council",,False,True,60.0,,,,2019-03-31,DST
EDU,East Dunbartonshire Council,East Dunbartonshire,S12000045,Scotland,Scotland,SCO,Scottish unitary authority,,,"East Dunbartonshire,ease dunbartonshire,east dunbaronshire,east dunbarton,east dunbartonshire,east dunbartonshire council,east dunnbartonshire",S12000009,True,True,303.0,55.9560336264184,-4.225559732225505,108750.0,,
EHA,East Hampshire District Council,East Hampshire,E07000085,England,South East,NMD,Non-metropolitan district,HAM,,"East Hampshire,east hampshire,east hampshire district,east hampshire district council",,True,True,61.0,51.07455401161102,-0.9551242078714512,123838.0,,
EHE,East Hertfordshire District Council,East Hertfordshire,E07000242,England,East of England,NMD,Non-metropolitan district,HRT,,"East Hertfordshire,east hertfordshire,east hertfordshire district,east hertfordshire district council",E07000097,True,True,62.0,51.86505606526352,-0.0082579319757085,151786.0,,
ELI,East Lindsey District Council,East Lindsey,E07000137,England,East Midlands,NMD,Non-metropolitan district,LIN,,"East Lindsey,east lindsey,east lindsey district,east lindsey district council",,True,True,63.0,53.24935027000408,0.0303338884753055,142030.0,,
ELM,Elmbridge Borough Council,Elmbridge,E07000207,England,South East,NMD,Non-metropolitan district,SRY,,Elmbridge,,True,True,186.0,51.35713226266936,-0.3921725066072539,137215.0,,
ELN,East Lothian Council,East Lothian,S12000010,Scotland,Scotland,SCO,Scottish unitary authority,,,"East Lothian,east lothian,east lothian council",,True,True,304.0,55.94186076408074,-2.720651243558463,107900.0,,
ELS,Comhairle nan Eilean Siar,Eilean Siar,S12000013,Scotland,Scotland,SCO,Scottish unitary authority,,,"Eilean Siar,Western Isles Council,Na h-Eileanan Siar,comhairle nan eilean siar,comhairle nan eilean siar (western isles),eilean,eilean siar,na h-eileanan an iar,western isles",,True,True,307.0,57.90757221336857,-6.874656271118962,26500.0,,
EMCA,East Midlands Combined County Authority,East Midlands CCA,E47000013,England,East Midlands,COMB,Combined authority,,,East Midlands CC,,True,False,,,,,,
ENF,London Borough of Enfield,Enfield,E09000010,England,London,LBO,London borough,,GLA,"Enfield,enfield,enfield london boro,london borough of enfield",,True,True,235.0,51.65099149816497,-0.0872544660712145,333587.0,,
ENO,East Northamptonshire Council,East Northamptonshire,E07000152,England,East Midlands,NMD,Non-metropolitan district,NTH,,East Northamptonshire,,False,True,64.0,,,,2021-04-01,NNT
EPP,Epping Forest District Council,Epping Forest,E07000072,England,East of England,NMD,Non-metropolitan district,ESS,,Epping Forest,,True,True,187.0,51.70887779850565,0.1486652074912674,132175.0,,
EPS,Epsom and Ewell Borough Council,Epsom and Ewell,E07000208,England,South East,NMD,Non-metropolitan district,SRY,,"Epsom and Ewell,Epsom & Ewell",,True,True,69.0,51.33916685668999,-0.2614484467789336,81003.0,,
ERE,Erewash Borough Council,Erewash,E07000036,England,East Midlands,NMD,Non-metropolitan district,DBY,,Erewash,,True,True,70.0,52.93549006326073,-1.3466958469347676,115332.0,,
ERW,East Renfrewshire Council,East Renfrewshire,S12000011,Scotland,Scotland,SCO,Scottish unitary authority,,,"East Renfrewshire,east renfrewshire,east renfrewshire council",,True,True,305.0,55.753138983359335,-4.35951434501978,96060.0,,
ERY,East Riding of Yorkshire Council,East Riding of Yorkshire,E06000011,England,Yorkshire and The Humber,UA,Unitary authority,,HYCA,"East Riding of Yorkshire,East Riding Of Yorkshire UA,east riding of yorkshire,east riding of yorkshire council",,True,True,339.0,53.86804360591298,-0.4824573664609238,343201.0,,
ESK,East Suffolk Council,East Suffolk,E07000244,England,East of England,NMD,Non-metropolitan district,SFK,,East Suffolk,,True,True,412.0,52.23701598937819,1.4614552974725363,250373.0,,
ESS,Essex County Council,Essex,E10000012,England,East of England,CTY,County,,,"Essex,essex,essex county,essex county council",,True,False,8.0,51.63921739963279,0.4067128387376673,1497759.0,,
EST,East Staffordshire Borough Council,East Staffordshire,E07000193,England,West Midlands,NMD,Non-metropolitan district,STS,,"East Staffordshire,east staffordshire,east staffordshire borough council,east staffordshire district",,True,True,65.0,52.86326808861827,-1.8121411818867337,120923.0,,
ESX,East Sussex County Council,East Sussex,E10000011,England,South East,CTY,County,,,"East Sussex,east sussex,east sussex county,east sussex county council",,True,False,7.0,50.88954582009565,0.3158223544559115,558852.0,,
EXE,Exeter City Council,Exeter,E07000041,England,South West,NMD,Non-metropolitan district,DEV,,Exeter,,True,True,188.0,50.721637905854365,-3.5101801960233034,133333.0,,
FAL,Falkirk Council,Falkirk,S12000014,Scotland,Scotland,SCO,Scottish unitary authority,,,"Falkirk,falkirk,falkirk council",,True,True,308.0,55.9973385792463,-3.7906426239200135,160560.0,,
FAR,Fareham Borough Council,Fareham,E07000087,England,South East,NMD,Non-metropolitan district,HAM,,Fareham,,True,True,189.0,50.85264425195757,-1.2246651081052675,116338.0,,
FEN,Fenland District Council,Fenland,E07000010,England,East of England,NMD,Non-metropolitan district,CAM,CPCA,Fenland,,True,True,71.0,52.56284099450951,0.0607712970242638,102080.0,,
FIF,Fife Council,Fife,S12000047,Scotland,Scotland,SCO,Scottish unitary authority,,,"Fife,fife,fife council",S12000015,True,True,309.0,56.22895265329802,-3.124865175153842,374130.0,,
FLN,Flintshire County Council,Flintshire,W06000005,Wales,Wales,WPA,Welsh unitary authority,,,"Flintshire,Sir y Fflint,flintshire,flintshire county council,sir y fflint",,True,True,390.0,53.21786168270516,-3.1631503565176087,156847.0,,
FMO,Fermanagh and Omagh District Council,Fermanagh and Omagh,N09000006,Northern Ireland,Northern Ireland,NID,NI district,,,"Fermanagh and Omagh,fermanagh and omagh",,True,True,1006.0,54.44226626459814,-7.503784363910277,117337.0,,
FOE,Forest of Dean District Council,Forest of Dean,E07000080,England,South West,NMD,Non-metropolitan district,GLS,,Forest of Dean,,True,True,73.0,51.82842259072888,-2.490024602302281,87107.0,,
FOR,Forest Heath District Council,Forest Heath,E07000201,England,,NMD,Non-metropolitan district,SRY,,Forest Heath,,False,True,72.0,,,,2019-03-31,WSK
FYL,Fylde Borough Council,Fylde,E07000119,England,North West,NMD,Non-metropolitan district,LAN,,Fylde,,True,True,74.0,53.78410265875071,-2.922134571850851,81211.0,,
GAT,Gateshead Metropolitan Borough Council,Gateshead,E08000037,England,North East,MD,Metropolitan district,,NECA,"Gateshead,gateshead,gateshead district,gateshead metropolitan borough council",E08000020,True,True,271.0,54.93536850385511,-1.68288722444967,201950.0,,
GED,Gedling Borough Council,Gedling,E07000173,England,East Midlands,NMD,Non-metropolitan district,NTT,,Gedling,,True,True,75.0,53.0283720364206,-1.1193100379301255,118239.0,,
GLA,Greater London Authority,Greater London,E61000001,England,London,SRA,Strategic Regional Authority,,,"Greater London,greater london",,True,False,,51.50435262657657,-0.1195450736628444,9002488.0,,
GLCA,Greater Lincolnshire Combined County Authority,Greater Lincolnshire CCA,E47000017,England,Yorkshire and The Humber,COMB,Combined authority,,,Greater Lincolnshire CA,,True,False,,,,,,
GLG,Glasgow City Council,Glasgow City,S12000049,Scotland,Scotland,SCO,Scottish unitary authority,,,"Glasgow City,city of glasgow,glasgow,glasgow city,glasgow city coucil,glasgow city council","S12000046,S12000043",True,True,310.0,55.8578800002401,-4.253118581414496,635640.0,,
GLO,Gloucester City Council,Gloucester,E07000081,England,South West,NMD,Non-metropolitan district,GLS,,Gloucester,,True,True,76.0,51.8493723721493,-2.240264625405542,129709.0,,
GLS,Gloucestershire County Council,Gloucestershire,E10000013,England,South West,CTY,County,,,"Gloucestershire,gloucestershire,gloucestershire county,gloucestershire county council",,True,False,9.0,51.85240292931533,-0.7477084584810338,640650.0,,
GMCA,Greater Manchester Combined Authority,Greater Manchester,E47000001,England,North West,COMB,Combined authority,,,Greater Manchester CA,,True,False,,53.50917111051714,-2.2726169267524297,2848286.0,,
GOS,Gosport Borough Council,Gosport,E07000088,England,South East,NMD,Non-metropolitan district,HAM,,Gosport,,True,True,167.0,50.80521366437385,-1.1594623668753503,84679.0,,
GRA,Gravesham Borough Council,Gravesham,E07000109,England,South East,NMD,Non-metropolitan district,KEN,,Gravesham,,True,True,77.0,51.40512703767118,0.3949941706902553,106890.0,,
GRE,Royal Borough of Greenwich,Greenwich,E09000011,England,London,LBO,London borough,,GLA,"Greenwich,greenwich,greenwich london boro,royal borough of greenwich",,True,True,236.0,51.4744274931101,0.0555381610184994,289034.0,,
GRT,Guildford Borough Council,Guildford,E07000209,England,South East,NMD,Non-metropolitan district,SRY,,Guildford,,True,True,78.0,51.247800046905205,-0.5616455425566013,150352.0,,
GRY,Great Yarmouth Borough Council,Great Yarmouth,E07000145,England,East of England,NMD,Non-metropolitan district,NFK,,"Great Yarmouth,great yarmouth,great yarmouth borough council,great yarmouth district",,True,True,190.0,52.64071397218977,1.6613932629944517,99198.0,,
GWN,Gwynedd Council,Gwynedd,W06000002,Wales,Wales,WPA,Welsh unitary authority,,,"Gwynedd,gwynedd,gwynedd council,gwynedd county council",,True,True,391.0,52.89466626919157,-4.024291228581977,125171.0,,
HAA,Havant Borough Council,Havant,E07000090,England,South East,NMD,Non-metropolitan district,HAM,,Havant,,True,True,193.0,50.83839140330427,-0.9893616983732988,126339.0,,
HAE,Hambleton District Council,Hambleton,E07000164,England,Yorkshire and The Humber,NMD,Non-metropolitan district,NYK,,Hambleton,,False,True,79.0,54.28677656243506,-1.3190888600396575,91932.0,2023-04-01,NYE
HAG,Harrogate Borough Council,Harrogate,E07000165,England,Yorkshire and The Humber,NMD,Non-metropolitan district,NYK,,Harrogate,,False,True,81.0,54.067101203166125,-1.595539316543793,161545.0,2023-04-01,NYE
HAL,Halton Borough Council,Halton,E06000006,England,North West,UA,Unitary authority,,LCR,"Halton,Halton UA,halton,halton borough council",,True,True,368.0,53.34374912705788,-2.7187968167209267,129759.0,,
HAM,Hampshire County Council,Hampshire,E10000014,England,South East,CTY,County,,,"Hampshire,hampshire,hampshire county,hampshire county council",,True,False,10.0,50.98070818930823,-1.0748168163005136,1389206.0,,
HAO,Harborough District Council,Harborough,E07000131,England,East Midlands,NMD,Non-metropolitan district,LEC,,Harborough,,True,True,80.0,52.53930968542712,-1.0081235595032996,95537.0,,
HAR,Harlow District Council,Harlow,E07000073,England,East of England,NMD,Non-metropolitan district,ESS,,Harlow,,True,True,191.0,51.76834906508002,0.1085394577927518,87280.0,,
HAS,Hastings Borough Council,Hastings,E07000062,England,South East,NMD,Non-metropolitan district,ESX,,Hastings,,True,True,82.0,50.86936430105753,0.5704333476891782,92554.0,,
HAT,Hart District Council,Hart,E07000089,England,South East,NMD,Non-metropolitan district,HAM,,"Hart,hart,hart district,hart district council",,True,True,192.0,51.28481209348983,-0.8974720055823764,97608.0,,
HAV,London Borough of Havering,Havering,E09000016,England,London,LBO,London borough,,GLA,"Havering,havering,havering london boro,london borough of havering",,True,True,241.0,51.56310267262673,0.2204264556767529,260651.0,,
HCK,London Borough of Hackney,Hackney,E09000012,England,London,LBO,London borough,,GLA,"Hackney,hackney,hackney london boro,london borough of hackney",,True,True,237.0,51.5522665818894,-0.0633174916493753,280941.0,,
HEF,Herefordshire Council,Herefordshire,E06000019,England,West Midlands,UA,Unitary authority,,,"Herefordshire,Herefordshire UA,county of herefordshire,herefordshire,herefordshire council,herefordshire, county of",,True,True,340.0,52.10347883030481,-2.744959614405347,193615.0,,
HER,Hertsmere Borough Council,Hertsmere,E07000098,England,East of England,NMD,Non-metropolitan district,HRT,,Hertsmere,,True,True,83.0,51.67728467984929,-0.2810966368650268,105471.0,,
HIG,High Peak Borough Council,High Peak,E07000037,England,East Midlands,NMD,Non-metropolitan district,DBY,,High Peak,,True,True,84.0,53.372950278578095,-1.8739385921869005,92633.0,,
HIL,London Borough of Hillingdon,Hillingdon,E09000017,England,London,LBO,London borough,,GLA,"Hillingdon,hillingdon,hillingdon london boro,london borough of hillingdon",,True,True,242.0,51.54147044642415,-0.4456607943086098,309014.0,,
HIN,Hinckley and Bosworth Borough Council,Hinckley and Bosworth,E07000132,England,East Midlands,NMD,Non-metropolitan district,LEC,,"Hinckley and Bosworth,Hinckley & Bosworth",,True,True,85.0,52.616482568961686,-1.3910550819741438,113666.0,,
HLD,The Highland Council,Highland,S12000017,Scotland,Scotland,SCO,Scottish unitary authority,,,"Highland,Highland Council,highands,highland,highlands,the highland council",,True,True,311.0,57.57293883769047,-4.771390780396751,235430.0,,
HMF,London Borough of Hammersmith & Fulham,Hammersmith and Fulham,E09000013,England,London,LBO,London borough,,GLA,"Hammersmith and Fulham,Hammersmith & Fulham,hammersmith and fulham,hammersmith and fulham london boro,london borough of hammersmith and fulham",,True,True,238.0,51.4949927649953,-0.2207719071711307,183544.0,,
HNS,London Borough of Hounslow,Hounslow,E09000018,England,London,LBO,London borough,,GLA,"Hounslow,hounslow,hounslow london boro,london borough of hounslow",,True,True,243.0,51.46849560622163,-0.3661443451475518,271767.0,,
HOR,Horsham District Council,Horsham,E07000227,England,South East,NMD,Non-metropolitan district,WSX,,Horsham,,True,True,86.0,50.9937591191289,-0.3663327499301627,145474.0,,
HPL,Hartlepool Borough Council,Hartlepool,E06000001,England,North East,UA,Unitary authority,,TVCA,"Hartlepool,Hartlepool UA,hartlepool,hartlepool borough council",,True,True,369.0,54.66901341559927,-1.2556506582605669,93836.0,,
HRT,Hertfordshire County Council,Hertfordshire,E10000015,England,East of England,CTY,County,,,Hertfordshire,,True,False,11.0,51.44056498086039,-0.7155351399374271,1195672.0,,
HRW,London Borough of Harrow,Harrow,E09000015,England,London,LBO,London borough,,GLA,"Harrow,harrow,harrow london boro,london borough of harrow",,True,True,240.0,51.59771706028117,-0.3412773418992901,252338.0,,
HRY,London Borough of Haringey,Haringey,E09000014,England,London,LBO,London borough,,GLA,"Haringey,haringey,haringey london boro,london borough of haringey",,True,True,239.0,51.59037232946937,-0.1074687635841607,266357.0,,
HUN,Huntingdonshire District Council,Huntingdonshire,E07000011,England,East of England,NMD,Non-metropolitan district,CAM,CPCA,Huntingdonshire,,True,True,87.0,52.37361380138098,-0.220773550634843,178985.0,,
HYCA,Hull and East Yorkshire Mayoral Combined Authority,Yorkshire and The Humber MCA,E47000016,England,Yorkshire and The Humber,COMB,Combined authority,,,Yorkshire and The Humber CA,,True,False,,,,,,
HYN,Hyndburn Borough Council,Hyndburn,E07000120,England,North West,NMD,Non-metropolitan district,LAN,,Hyndburn,,True,True,194.0,53.75864733342495,-2.389783220437551,81133.0,,
IOS,Council of the Isles of Scilly,Isles of Scilly,E06000053,England,South West,UA,Unitary authority,,,"Isles of Scilly,isles of scilly",,True,True,405.0,49.93693291412038,-6.31716764074166,2226.0,,
IOW,Isle of Wight Council,Isle of Wight,E06000046,England,South East,UA,Unitary authority,,,"Isle of Wight,Isle Of Wight UA,isle of wight,isle of wight council",,True,True,342.0,50.67577165621564,-1.2965662288145057,142296.0,,
IPS,Ipswich Borough Council,Ipswich,E07000202,England,East of England,NMD,Non-metropolitan district,SFK,,Ipswich,,True,True,195.0,52.05587722579369,1.1597791053592093,135979.0,,
ISL,London Borough of Islington,Islington,E09000019,England,London,LBO,London borough,,GLA,"Islington,islington,islington london boro,london borough of islington",,True,True,244.0,51.54848221969582,-0.110244246662168,248115.0,,
IVC,Inverclyde Council,Inverclyde,S12000018,Scotland,Scotland,SCO,Scottish unitary authority,,,"Inverclyde,inverclyde,inverclyde council",,True,True,312.0,55.904406515218646,-4.7426698855472,77060.0,,
KEC,Royal Borough of Kensington and Chelsea,Kensington and Chelsea,E09000020,England,London,LBO,London borough,,GLA,"Kensington and Chelsea,Kensington & Chelsea,kensington and chelsea,kensington and chelsea london boro,royal borough of kensington and chelsea",,True,True,245.0,51.501205894607146,-0.1922125559815926,156864.0,,
KEN,Kent County Council,Kent,E10000016,England,South East,CTY,County,,,"Kent,kent,kent county,kent county council",,True,False,12.0,51.51540296403236,0.0943925694508491,1589057.0,,
KET,Kettering Borough Council,Kettering,E07000153,England,,NMD,Non-metropolitan district,NTH,,Kettering,,False,True,88.0,,,,2021-04-01,NNT
KHL,Hull City Council,Kingston upon Hull,E06000010,England,Yorkshire and The Humber,UA,Unitary authority,,HYCA,"Kingston upon Hull,Kingston upon Hull, City of,Kingston Upon Hull UA,city of kingston upon hull,hull city,hull city council,kingston upon hull,kingston upon hull city of,kingston upon hull, city of,kingston-upon-hull city council",,True,True,341.0,53.75991316350947,-0.3353759470650819,259126.0,,
KIN,Borough Council of Kings Lynn and West Norfolk,Kings Lynn and West Norfolk,E07000146,England,East of England,NMD,Non-metropolitan district,NFK,,"Kings Lynn and West Norfolk,King's Lynn & West Norfolk,Kings Lynn & West Norfolk,borough council of kings lynn and west norfolk,king's lynn and west norfolk,king's lynn and west norfolk district,kings lynn and west norfolk,king's lynn and west norfolk borough",,True,True,89.0,52.72666055953495,0.4704627975480463,151245.0,,
KIR,Kirklees Council,Kirklees,E08000034,England,Yorkshire and The Humber,MD,Metropolitan district,,WYCA,"Kirklees,kirklees,kirklees council,kirklees district",,True,True,272.0,53.62735655576655,-1.7633073129732295,441290.0,,
KTT,Royal Borough of Kingston upon Thames,Kingston upon Thames,E09000021,England,London,LBO,London borough,,GLA,"Kingston upon Thames,kingston upon thames,kingston upon thames london boro,kingston-upon-thames,royal borough of kingston upon thames",,True,True,246.0,51.3878908166727,-0.2869109309220782,179142.0,,
KWL,Knowsley Metropolitan Borough Council,Knowsley,E08000011,England,North West,MD,Metropolitan district,,LCR,"Knowsley,knowsley,knowsley council,knowsley district",,True,True,273.0,53.42510056509252,-2.8340373463358604,152452.0,,
LAC,Lancaster City Council,Lancaster,E07000121,England,North West,NMD,Non-metropolitan district,LAN,,"Lancaster,lancaster,lancaster city,lancaster city council,lancaster district",,True,True,90.0,54.06899091108889,-2.7147441247307293,148119.0,,
LAN,Lancashire County Council,Lancashire,E10000017,England,North West,CTY,County,,,"Lancashire,lancashire,lancashire county,lancashire county council",,True,False,13.0,52.50459775641204,-0.8087773536671569,1227076.0,,
LBC,Lisburn and Castlereagh City Council,Lisburn and Castlereagh,N09000007,Northern Ireland,Northern Ireland,NID,NI district,,,"Lisburn and Castlereagh,lisburn and castlereagh,lisburn and castlereagh city",,True,True,1007.0,54.50822494768138,-6.052439836045327,146452.0,,
LBH,London Borough of Lambeth,Lambeth,E09000022,England,London,LBO,London borough,,GLA,"Lambeth,lambeth,lambeth london boro,london borough of lambeth",,True,True,247.0,51.45383264156997,-0.1183185700612121,321813.0,,
LCE,Leicester City Council,Leicester,E06000016,England,East Midlands,UA,Unitary authority,,,"Leicester,Leicester City UA,Leicester UA,city of leicester,leicester,leicester city,leicester city council",,True,True,343.0,52.63791436295297,-1.1284852021980178,354036.0,,
LCR,Liverpool City Region,Liverpool City Region,E47000004,England,North West,COMB,Combined authority,,,"Liverpool City CA,liverpool city region combined authority",,True,False,,53.42633200844039,-2.8834732777352614,1564015.0,,
LDS,Leeds City Council,Leeds,E08000035,England,Yorkshire and The Humber,MD,Metropolitan district,,WYCA,"Leeds,leeds,leeds city council,leeds district",,True,True,261.0,53.82574639873253,-1.5060163670096938,798786.0,,
LEC,Leicestershire County Council,Leicestershire,E10000018,England,East Midlands,CTY,County,,,"Leicestershire,leicestershire,leicestershire county,leicestershire county council",,True,False,14.0,53.24519682264041,-1.736134740706938,713085.0,,
LEE,Lewes District Council,Lewes,E07000063,England,South East,NMD,Non-metropolitan district,ESX,,Lewes,,True,True,91.0,50.88211278481139,0.0050472081215972,103525.0,,
LEW,London Borough of Lewisham,Lewisham,E09000023,England,London,LBO,London borough,,GLA,"Lewisham,lewisham,lewisham london boro,london borough of lewisham",,True,True,248.0,51.44827189612524,-0.0202904747622759,305309.0,,
LIC,City of Lincoln Council,City of Lincoln,E07000138,England,East Midlands,NMD,Non-metropolitan district,LIN,,"City of Lincoln,Lincoln",,True,True,196.0,53.224726596663416,-0.5549528877639138,100049.0,,
LIF,Lichfield District Council,Lichfield,E07000194,England,West Midlands,NMD,Non-metropolitan district,STS,,Lichfield,,True,True,92.0,52.68816933012296,-1.8049153153682351,105637.0,,
LIN,Lincolnshire County Council,Lincolnshire,E10000019,England,Yorkshire and The Humber,CTY,County,,GLCA,"Lincolnshire,lincolnshire,lincolnshire county,lincolnshire county council",,True,False,15.0,52.99152922053671,-0.4219714605691583,766333.0,,
LIV,Liverpool City Council,Liverpool,E08000012,England,North West,MD,Metropolitan district,,LCR,"Liverpool,liverpool,liverpool city council,liverpool district",,True,True,274.0,53.39545214823893,-2.9170076302903047,500474.0,,
LND,City of London Corporation,City of London,E09000001,England,London,CC,City corporation,,GLA,"City of London,city and county of the city of london,city of london,city of london corporation",,True,True,406.0,51.51441102660022,-0.0924448357629193,10938.0,,
LUT,Luton Borough Council,Luton,E06000032,England,East of England,UA,Unitary authority,,,"Luton,Luton UA,luton,luton borough council",,True,True,344.0,51.89422510635098,-0.4255902906491061,213528.0,,
MAI,Maidstone Borough Council,Maidstone,E07000110,England,South East,NMD,Non-metropolitan district,KEN,,Maidstone,,True,True,197.0,51.23499792568907,0.5805525642337146,173132.0,,
MAL,Maldon District Council,Maldon,E07000074,England,East of England,NMD,Non-metropolitan district,ESS,,Maldon,,True,True,93.0,51.70946298483719,0.7837736768980289,65401.0,,
MAN,Manchester City Council,Manchester,E08000003,England,North West,MD,Metropolitan district,,GMCA,"Manchester,manchester,manchester city council,manchester district",,True,True,262.0,53.451484399071376,-2.232523760278534,555741.0,,
MAS,Mansfield District Council,Mansfield,E07000174,England,East Midlands,NMD,Non-metropolitan district,NTT,,Mansfield,,True,True,95.0,53.17071502840263,-1.1727869590669462,109351.0,,
MAV,Malvern Hills District Council,Malvern Hills,E07000235,England,West Midlands,NMD,Non-metropolitan district,WOR,,Malvern Hills,,True,True,94.0,52.18275809360506,-2.344665290528057,79445.0,,
MDB,Middlesbrough Borough Council,Middlesbrough,E06000002,England,North East,UA,Unitary authority,,TVCA,"Middlesbrough,Middlesbrough UA,middlesbrough,middlesbrough borough council",,True,True,346.0,54.54247730105055,-1.2224301963881252,141285.0,,
MDE,Mid Devon District Council,Mid Devon,E07000042,England,South West,NMD,Non-metropolitan district,DEV,,Mid Devon,,True,True,98.0,50.87626122180575,-3.5564376935398427,83290.0,,
MDW,Medway Council,Medway,E06000035,England,South East,UA,Unitary authority,,,"Medway,The Medway Towns UA,Medway Towns UA,medway,medway council",,True,True,345.0,51.42568733548925,0.5694971675887868,279142.0,,
MEA,Mid and East Antrim Borough Council,Mid and East Antrim,N09000008,Northern Ireland,Northern Ireland,NID,NI district,,,"Mid and East Antrim,mid and east antrim",,True,True,1008.0,54.87441176281391,-6.101175479067467,139443.0,,
MEL,Melton Borough Council,Melton,E07000133,England,East Midlands,NMD,Non-metropolitan district,LEC,,Melton,,True,True,96.0,52.7963818963887,-0.8562185505692235,51394.0,,
MEN,Mendip District Council,Mendip,E07000187,England,South West,NMD,Non-metropolitan district,SOM,,Mendip,,False,True,97.0,51.20291259669983,-2.544655319516301,116288.0,2023-04-01,SMT
MIK,Milton Keynes Council,Milton Keynes,E06000042,England,South East,UA,Unitary authority,,,"Milton Keynes,Milton Keynes UA,milton keynes,milton keynes council",,True,True,370.0,52.08380485083678,-0.7335406531338609,270203.0,,
MLN,Midlothian Council,Midlothian,S12000019,Scotland,Scotland,SCO,Scottish unitary authority,,,"Midlothian,midlothian,midlothian council",,True,True,313.0,55.83222605242744,-3.110419511404608,93150.0,,
MOL,Mole Valley District Council,Mole Valley,E07000210,England,South East,NMD,Non-metropolitan district,SRY,,Mole Valley,,True,True,198.0,51.212265072976855,-0.3251159748446214,87547.0,,
MON,Monmouthshire County Council,Monmouthshire,W06000021,Wales,Wales,WPA,Welsh unitary authority,,,"Monmouthshire,Sir Fynwy,monmouthshire,monmouthshire county council,sir fynwy",,True,True,394.0,51.757817665296166,-2.867328965621045,95164.0,,
MRT,London Borough of Merton,Merton,E09000024,England,London,LBO,London borough,,GLA,"Merton,london borough of merton,merton,merton london boro",,True,True,249.0,51.409949771281255,-0.1972497078847218,206453.0,,
MRY,The Moray Council,Moray,S12000020,Scotland,Scotland,SCO,Scottish unitary authority,,,"Moray,Moray Council,moray,moray council",,True,True,314.0,57.47551885814466,-3.2676127649761075,95710.0,,
MSS,Mid Sussex District Council,Mid Sussex,E07000228,England,South East,NMD,Non-metropolitan district,WSX,,Mid Sussex,,True,True,100.0,51.02084271183233,-0.127051760355822,152142.0,,
MSU,Mid Suffolk District Council,Mid Suffolk,E07000203,England,East of England,NMD,Non-metropolitan district,SFK,,Mid Suffolk,,True,True,99.0,52.24682143715788,1.092417153250642,104857.0,,
MTY,Merthyr Tydfil County Borough Council,Merthyr Tydfil,W06000024,Wales,Wales,WPA,Welsh unitary authority,,,"Merthyr Tydfil,Merthyr Tudful,merthyr tudful,merthyr tydfil,merthyr tydfil county borough council,merthyr tydfil ua",,True,True,393.0,51.7409417555976,-3.361056654125536,60424.0,,
MUL,Mid Ulster District Council,Mid Ulster,N09000009,Northern Ireland,Northern Ireland,NID,NI district,,,"Mid Ulster,Mid-Ulster District Council,mid ulster",,True,True,1009.0,54.62145558190882,-6.791954861909178,148953.0,,
NAY,North Ayrshire Council,North Ayrshire,S12000021,Scotland,Scotland,SCO,Scottish unitary authority,,,"North Ayrshire,north ayrshire,north ayrshire council",,True,True,315.0,55.65051510261038,-4.980403025937783,134250.0,,
NBL,Northumberland County Council,Northumberland,E06000057,England,North East,UA,Unitary authority,,NTCA,"Northumberland,Northumberland UA,northumberland,northumberland council",E06000048,True,True,349.0,55.24151150527719,-2.066344577613037,323820.0,,
NDE,North Devon District Council,North Devon,E07000043,England,South West,NMD,Non-metropolitan district,DEV,,"North Devon,north devon,north devon council,north devon district",,True,True,104.0,51.06978385051636,-3.9145687175347135,98170.0,,
NDO,North Dorset District Council,North Dorset,E07000050,England,,NMD,Non-metropolitan district,DOR,,"North Dorset,north dorset,north dorset district,north dorset district council",,False,True,105.0,,,,2019-03-31,DST
NEA,Newark and Sherwood District Council,Newark and Sherwood,E07000175,England,East Midlands,NMD,Non-metropolitan district,NTT,,"Newark and Sherwood,Newark & Sherwood",,True,True,102.0,53.12395037675062,-0.919744263646954,123127.0,,
NEC,Newcastle-under-Lyme Borough Council,Newcastle-under-Lyme,E07000195,England,West Midlands,NMD,Non-metropolitan district,STS,,"Newcastle-under-Lyme,newcastle-under-lyme,newcastle-under-lyme district,newcastle-under-lyme district council",,True,True,103.0,52.99312382296081,-2.3188747366715643,129610.0,,
NECA,North East Combined Authority,North East,E47000010,England,North East,COMB,Combined authority,,,North East CA,E47000005,True,False,,54.868803977649705,-1.6050762550747883,1164078.0,,
NED,North East Derbyshire District Council,North East Derbyshire,E07000038,England,East Midlands,NMD,Non-metropolitan district,DBY,,North East Derbyshire,,True,True,106.0,53.225828819048274,-1.4482879259234107,102216.0,,
NEL,North East Lincolnshire Council,North East Lincolnshire,E06000012,England,Yorkshire and The Humber,UA,Unitary authority,,GLCA,"North East Lincolnshire,North East Lincolnshire UA,north east lincolnshire,north east lincolnshire council",,True,True,371.0,53.54396890653521,-0.1334450838832542,159364.0,,
NET,Newcastle City Council,Newcastle upon Tyne,E08000021,England,North East,MD,Metropolitan district,,NTCA,"Newcastle upon Tyne,newcastle city council,newcastle upon tyne,newcastle upon tyne district,newcastle-upon-tyne city council",,True,True,263.0,55.007665855161406,-1.6578151401098318,306824.0,,
NEW,New Forest District Council,New Forest,E07000091,England,South East,NMD,Non-metropolitan district,HAM,,New Forest,,True,True,101.0,50.858500864443165,-1.6247467480107955,179649.0,,
NFK,Norfolk County Council,Norfolk,E10000020,England,East of England,CTY,County,,,"Norfolk,norfolk,norfolk county,norfolk county council",,True,False,16.0,52.757398742543245,0.9445418332840452,914039.0,,
NGM,Nottingham City Council,Nottingham,E06000018,England,East Midlands,UA,Unitary authority,,EMCA,"Nottingham,City of Nottingham UA,Nottingham UA,city of nottingham,nottingham,nottingham city,nottingham city council",,True,True,350.0,52.96058496357692,-1.1765203961802526,337098.0,,
NHE,North Hertfordshire District Council,North Hertfordshire,E07000099,England,East of England,NMD,Non-metropolitan district,HRT,,North Hertfordshire,,True,True,199.0,51.95909310896309,-0.1927026308244736,133463.0,,
NIR-A,Derry City Council,Derry,,Northern Ireland,Northern Ireland,NID,NI district,,,Derry,,False,True,,,,,2015-03-31,
NIR-B,Limavady Borough Council,Limavady,,Northern Ireland,Northern Ireland,NID,NI district,,,Limavady,,False,True,,,,,2015-03-31,
NIR-C,Coleraine Borough Council,Coleraine,,Northern Ireland,Northern Ireland,NID,NI district,,,Coleraine,,False,True,,,,,2015-03-31,
NIR-D,Ballymoney Borough Council,Ballymoney,,Northern Ireland,Northern Ireland,NID,NI district,,,Ballymoney,,False,True,,,,,2015-03-31,
NIR-E,Moyle District Council,Moyle,,Northern Ireland,Northern Ireland,NID,NI district,,,Moyle,,False,True,,,,,2015-03-31,
NIR-F,Larne Borough Council,Larne,,Northern Ireland,Northern Ireland,NID,NI district,,,Larne,,False,True,,,,,2015-03-31,
NIR-G,Ballymena Borough Council,Ballymena,,Northern Ireland,Northern Ireland,NID,NI district,,,Ballymena,,False,True,,,,,2015-03-31,
NIR-H,Magherafelt District Council,Magherafelt,,Northern Ireland,Northern Ireland,NID,NI district,,,Magherafelt,,False,True,,,,,2015-03-31,
NIR-I,Cookstown District Council,Cookstown,,Northern Ireland,Northern Ireland,NID,NI district,,,Cookstown,,False,True,,,,,2015-03-31,
NIR-J,Strabane District Council,Strabane,,Northern Ireland,Northern Ireland,NID,NI district,,,Strabane,,False,True,,,,,2015-03-31,
NIR-K,Omagh District Council,Omagh,,Northern Ireland,Northern Ireland,NID,NI district,,,Omagh,,False,True,,,,,2015-03-31,
NIR-L,Fermanagh District Council,Fermanagh,,Northern Ireland,Northern Ireland,NID,NI district,,,Fermanagh,,False,True,,,,,2015-03-31,
NIR-M,Dungannon and South Tyrone Borough Council,Dungannon and South Tyrone,,Northern Ireland,Northern Ireland,NID,NI district,,,Dungannon and South Tyrone,,False,True,,,,,2015-03-31,
NIR-N,Craigavon Borough Council,Craigavon,,Northern Ireland,Northern Ireland,NID,NI district,,,Craigavon,,False,True,,,,,2015-03-31,
NIR-O,Armagh City and District Council,Armagh City,,Northern Ireland,Northern Ireland,NID,NI district,,,Armagh City,,False,True,,,,,2015-03-31,
NIR-P,Newry and Mourne District Council,Newry and Mourne,,Northern Ireland,Northern Ireland,NID,NI district,,,Newry and Mourne,,False,True,,,,,2015-03-31,
NIR-Q,Banbridge District Council,Banbridge,,Northern Ireland,Northern Ireland,NID,NI district,,,Banbridge,,False,True,,,,,2015-03-31,
NIR-R,Down District Council,Down,,Northern Ireland,Northern Ireland,NID,NI district,,,Down,,False,True,,,,,2015-03-31,
NIR-S,Lisburn City Council,Lisburn,,Northern Ireland,Northern Ireland,NID,NI district,,,Lisburn,,False,True,,,,,2015-03-31,
NIR-T,Antrim Borough Council,Antrim,,Northern Ireland,Northern Ireland,NID,NI district,,,Antrim,,False,True,,,,,2015-03-31,
NIR-U,Newtownabbey Borough Council,Newtownabbey,,Northern Ireland,Northern Ireland,NID,NI district,,,Newtownabbey,,False,True,,,,,2015-03-31,
NIR-V,Carrickfergus Borough Council,Carrickfergus,,Northern Ireland,Northern Ireland,NID,NI district,,,Carrickfergus,,False,True,,,,,2015-03-31,
NIR-W,North Down Borough Council,North Down,,Northern Ireland,Northern Ireland,NID,NI district,,,North Down,,False,True,,,,,2015-03-31,
NIR-X,Ards Borough Council,Ards,,Northern Ireland,Northern Ireland,NID,NI district,,,Ards,,False,True,,,,,2015-03-31,
NIR-Y,Castlereagh Borough Council,Castlereagh,,Northern Ireland,Northern Ireland,NID,NI district,,,Castlereagh,,False,True,,,,,2015-03-31,
NKE,North Kesteven District Council,North Kesteven,E07000139,England,East Midlands,NMD,Non-metropolitan district,LIN,,North Kesteven,,True,True,107.0,53.08108045011255,-0.4459259511085638,118149.0,,
NLK,North Lanarkshire Council,North Lanarkshire,S12000050,Scotland,Scotland,SCO,Scottish unitary authority,,,"North Lanarkshire,north lanarkshire,north lanarkshire council",S12000044,True,True,316.0,55.87475978596661,-3.948252514371431,341140.0,,
NLN,North Lincolnshire Council,North Lincolnshire,E06000013,England,Yorkshire and The Humber,UA,Unitary authority,,GLCA,"North Lincolnshire,North Lincolnshire UA,north lincolnshire,north lincolnshire council",,True,True,347.0,53.59433045478272,-0.5924994160699526,172748.0,,
NMD,"Newry, Mourne and Down District Council","Newry, Mourne and Down ",N09000010,Northern Ireland,Northern Ireland,NID,NI district,,,"Newry, Mourne and Down ,newry, mourne and down",,True,True,1010.0,54.23620777435572,-6.068048475169934,181669.0,,
NNO,North Norfolk District Council,North Norfolk,E07000147,England,East of England,NMD,Non-metropolitan district,NFK,,North Norfolk,,True,True,108.0,52.850478719053605,1.169832919933645,105167.0,,
NNT,North Northamptonshire Council,North Northamptonshire,E06000061,England,East Midlands,UA,Unitary authority,,,North Northamptonshire,,True,True,,52.4254910202681,-0.6260540289278053,350448.0,,
NOR,Northampton Borough Council,Northampton,E07000154,England,East Midlands,NMD,Non-metropolitan district,NTH,,Northampton,,False,True,111.0,,,,2021-04-01,WNT
NOW,Norwich City Council,Norwich,E07000148,England,East of England,NMD,Non-metropolitan district,NFK,,Norwich,,True,True,200.0,52.63182972149827,1.2828005617621487,142177.0,,
NSM,North Somerset  Council,North Somerset,E06000024,England,South West,UA,Unitary authority,,,"North Somerset,North Somerset UA,north somerset,north somerset council,north west somerset",,True,True,348.0,51.38915163648218,-2.80090053012489,215574.0,,
NTCA,North of Tyne Combined Authority,North of Tyne,E47000011,England,North East,COMB,Combined authority,,,"newcastle upon tyne, north tyneside and northumberland combined authority,Newcastle Upon Tyne, North Tyneside and Northumberland Combined Authority",,True,False,,55.09262845276407,-1.746616471403686,839515.0,,
NTH,Northamptonshire County Council,Northamptonshire,E10000021,England,East Midlands,CTY,County,,,"Northamptonshire,northamptonshire,northamptonshire county,northamptonshire county council",,False,False,18.0,,,,2021-04-01,"NNT,WNT"
NTL,Neath Port Talbot County Borough Council,Neath Port Talbot,W06000012,Wales,Wales,WPA,Welsh unitary authority,,,"Neath Port Talbot,Castell-nedd Port Talbot,castell-nedd port talbot,neath port talbot,neath port talbot county borough council",,True,True,395.0,51.67969810669963,-3.743393310052332,144386.0,,
NTT,Nottinghamshire County Council,Nottinghamshire,E10000024,England,East Midlands,CTY,County,,EMCA,"Nottinghamshire,nottinghamshire,nottinghamshire county,nottinghamshire county council",,True,False,19.0,53.237210248136726,-1.0598693750068051,833377.0,,
NTY,North Tyneside Council,North Tyneside,E08000022,England,North East,MD,Metropolitan district,,NTCA,"North Tyneside,north tyneside,north tyneside council,north tyneside district,north tyneside metropolitan borough council",,True,True,275.0,55.02804006958644,-1.5174373649112256,208871.0,,
NUN,Nuneaton and Bedworth Borough Council,Nuneaton and Bedworth,E07000219,England,West Midlands,NMD,Non-metropolitan district,WAR,,"Nuneaton and Bedworth,Nuneaton & Bedworth",,True,True,168.0,52.50112854434047,-1.475871450924939,130373.0,,
NWA,North Warwickshire Borough Council,North Warwickshire,E07000218,England,West Midlands,NMD,Non-metropolitan district,WAR,,North Warwickshire,,True,True,109.0,52.54747975379731,-1.6280546081110756,65452.0,,
NWL,North West Leicestershire District Council,North West Leicestershire,E07000134,England,East Midlands,NMD,Non-metropolitan district,LEC,,"North West Leicestershire,north west leicestershire,north west leicestershire district,north west leicestershire district council",,True,True,110.0,52.753117671347546,-1.4051226190041084,104809.0,,
NWM,London Borough of Newham,Newham,E09000025,England,London,LBO,London borough,,GLA,"Newham,london borough of newham,newham,newham london boro",,True,True,250.0,51.52688638159061,0.037538661213269,355266.0,,
NWP,Newport City Council,Newport,W06000022,Wales,Wales,WPA,Welsh unitary authority,,,"Newport,Casnewydd,casnewydd,newport,newport city council",,True,True,396.0,51.57376333564199,-2.961784427264961,156447.0,,
NYE,North Yorkshire Council,North Yorkshire,E06000065,England,Yorkshire and The Humber,UA,Unitary authority,,YNYC,"North Yorkshire,north yorkshire",,True,True,,54.16561062368424,-1.3778378941997595,620610.0,,
NYK,North Yorkshire County Council,North Yorkshire,E10000023,England,Yorkshire and The Humber,CTY,County,,,"North Yorkshire,north yorkshire,north yorkshire county,north yorkshire county council",,False,False,17.0,54.13299077978593,-1.501223461888315,620610.0,2023-04-01,NYE
OAD,Oadby and Wigston Borough Council,Oadby and Wigston,E07000135,England,East Midlands,NMD,Non-metropolitan district,LEC,,"Oadby and Wigston,Oadby & Wigston",,True,True,112.0,52.5871366048144,-1.093407297198589,57313.0,,
OLD,Oldham Metropolitan Borough Council,Oldham,E08000004,England,North West,MD,Metropolitan district,,GMCA,"Oldham,oldham,oldham district,oldham metropolitan borough council",,True,True,276.0,53.55188769653417,-2.0506522949759414,237628.0,,
ORK,Orkney Islands Council,Orkney Islands,S12000023,Scotland,Scotland,SCO,Scottish unitary authority,,,"Orkney Islands,orkney,orkney islands,orkney islands council",,True,True,317.0,59.0292189857522,-3.035967202125362,22400.0,,
OXF,Oxfordshire County Council,Oxfordshire,E10000025,England,South East,CTY,County,,,"Oxfordshire,oxfordshire,oxfordshire county,oxfordshire county council",,True,False,20.0,52.02547325888754,-1.2509078895337504,696880.0,,
OXO,Oxford City Council,Oxford,E07000178,England,South East,NMD,Non-metropolitan district,OXF,,Oxford,,True,True,169.0,51.75458662912317,-1.2409629446598192,151584.0,,
PEM,Pembrokeshire County Council,Pembrokeshire,W06000009,Wales,Wales,WPA,Welsh unitary authority,,,"Pembrokeshire,Sir Benfro,pembrokeshire,pembrokeshire county council,sir benfro",,True,True,397.0,51.85361271308664,-4.887487841267316,126751.0,,
PEN,Pendle Borough Council,Pendle,E07000122,England,North West,NMD,Non-metropolitan district,LAN,,Pendle,,True,True,201.0,53.8654942803231,-2.184930376363977,92145.0,,
PKN,Perth and Kinross Council,Perth and Kinross,S12000048,Scotland,Scotland,SCO,Scottish unitary authority,,,"Perth and Kinross,perth and kinross,perth and kinross council",S12000024,True,True,318.0,56.56539997782566,-3.818596595577098,151910.0,,
PLY,Plymouth City Council,Plymouth,E06000026,England,South West,UA,Unitary authority,,,"Plymouth,Plymouth UA,city of plymouth,plymouth,plymouth city,plymouth city council",,True,True,373.0,50.39176951409318,-4.119918213858042,262839.0,,
POL,Borough of Poole,Poole,E06000029,England,,UA,Unitary authority,,,"Poole,Poole UA,borough of poole,poole",,False,True,351.0,,,,2019-03-31,BPC
POR,Portsmouth City Council,Portsmouth,E06000044,England,South East,UA,Unitary authority,,,"Portsmouth,Portsmouth UA,city of portsmouth,portsmouth,portsmouth city council",,True,True,374.0,50.820443144760695,-1.0783733601449068,214692.0,,
POW,Powys County Council,Powys,W06000023,Wales,Wales,WPA,Welsh unitary authority,,,"Powys,powys,powys county council",,True,True,398.0,52.32374313739421,-3.4099252669157294,133030.0,,
PRE,Preston City Council,Preston,E07000123,England,North West,NMD,Non-metropolitan district,LAN,,Preston,,True,True,202.0,53.81179567279308,-2.6976517287341424,144147.0,,
PTE,Peterborough City Council,Peterborough,E06000031,England,East of England,UA,Unitary authority,,CPCA,"Peterborough,Peterborough UA,city of peterborough,peterborough,peterborough city,peterborough city council",,True,True,372.0,52.60855827865765,-0.253108698590496,202626.0,,
PUR,Purbeck District Council,Purbeck,E07000051,England,,NMD,Non-metropolitan district,DOR,,Purbeck,,False,True,113.0,,,,2019-03-31,DST
RCC,Redcar and Cleveland Borough Council,Redcar and Cleveland,E06000003,England,North East,UA,Unitary authority,,TVCA,"Redcar and Cleveland,Redcar & Cleveland UA,redcar and cleveland,redcar and cleveland borough council",,True,True,352.0,54.55361374426194,-1.0216463800188331,137228.0,,
RCH,Rochdale Metropolitan Borough Council,Rochdale,E08000005,England,North West,MD,Metropolitan district,,GMCA,"Rochdale,rochdale,rochdale district,rochdale metropolitan borough council",,True,True,277.0,53.616552953932896,-2.157867863164438,223659.0,,
RCT,Rhondda Cynon Taf County Borough Council,Rhondda Cynon Taff,W06000016,Wales,Wales,WPA,Welsh unitary authority,,,"Rhondda Cynon Taff,rhondda cynon taf,rhondda cynon taf county borough council,rhondda cynon taff,rhondda, cynon, taff,rhondda,cynon,taff",,True,True,399.0,51.65032801751036,-3.4355485198493376,241873.0,,
RDB,London Borough of Redbridge,Redbridge,E09000026,England,London,LBO,London borough,,GLA,"Redbridge,london borough of redbridge,redbridge,redbridge london boro",,True,True,251.0,51.58565515490228,0.0758624376705418,305658.0,,
RDG,Reading Borough Council,Reading,E06000038,England,South East,UA,Unitary authority,,,"Reading,Reading UA,reading,reading borough council",,True,True,375.0,51.452978829455255,-0.9838249955738518,160337.0,,
RED,Redditch Borough Council,Redditch,E07000236,England,West Midlands,NMD,Non-metropolitan district,WOR,,Redditch,,True,True,203.0,52.28228577578808,-1.9518603046635183,85568.0,,
REI,Reigate and Banstead Borough Council,Reigate and Banstead,E07000211,England,South East,NMD,Non-metropolitan district,SRY,,"Reigate and Banstead,Reigate & Banstead,reigate & banstead borough council",,True,True,204.0,51.25320046246119,-0.191853700007665,149243.0,,
RFW,Renfrewshire Council,Renfrewshire,S12000038,Scotland,Scotland,SCO,Scottish unitary authority,,,"Renfrewshire,renfrewshire,renfrewshire council",,True,True,319.0,55.84781130287702,-4.542804587399403,179390.0,,
RIB,Ribble Valley Borough Council,Ribble Valley,E07000124,England,North West,NMD,Non-metropolitan district,LAN,,Ribble Valley,,True,True,114.0,53.90722086891195,-2.444757406174562,62026.0,,
RIC,London Borough of Richmond upon Thames,Richmond upon Thames,E09000027,England,London,LBO,London borough,,GLA,"Richmond upon Thames,london borough of richmond upon thames,richmond upon thames,richmond upon thames london boro,richmond-upon-thames",,True,True,252.0,51.44273435613829,-0.3123788723815544,198141.0,,
RIH,Richmondshire District Council,Richmondshire,E07000166,England,Yorkshire and The Humber,NMD,Non-metropolitan district,NYK,,"Richmondshire,richmondshire,richmondshire district,richmondshire district council",,False,True,115.0,54.36154156116506,-1.934327027879908,53732.0,2023-04-01,NYE
ROC,Rochford District Council,Rochford,E07000075,England,East of England,NMD,Non-metropolitan district,ESS,,Rochford,,True,True,205.0,51.5913692358925,0.8092313242624706,87627.0,,
ROH,Rother District Council,Rother,E07000064,England,South East,NMD,Non-metropolitan district,ESX,,Rother,,True,True,116.0,50.95167126903685,0.5388853106819421,96716.0,,
ROS,Rossendale Borough Council,Rossendale,E07000125,England,North West,NMD,Non-metropolitan district,LAN,,Rossendale,,True,True,206.0,53.693815650101136,-2.2672994340454737,71432.0,,
ROT,Rotherham Metropolitan Borough Council,Rotherham,E08000018,England,Yorkshire and The Humber,MD,Metropolitan district,,SCR,"Rotherham,rotherham,rotherham district,rotherham metropolitan borough council",,True,True,278.0,53.40861794874484,-1.2861506496818964,264984.0,,
RUG,Rugby Borough Council,Rugby,E07000220,England,West Midlands,NMD,Non-metropolitan district,WAR,,Rugby,,True,True,207.0,52.38436142746108,-1.3282942441215568,110650.0,,
RUH,Rushmoor Borough Council,Rushmoor,E07000092,England,South East,NMD,Non-metropolitan district,HAM,,Rushmoor,,True,True,209.0,51.27344347116592,-0.7674814485895685,94387.0,,
RUN,Runnymede Borough Council,Runnymede,E07000212,England,South East,NMD,Non-metropolitan district,SRY,,Runnymede,,True,True,208.0,51.39378704378514,-0.5413102987601235,90327.0,,
RUS,Rushcliffe Borough Council,Rushcliffe,E07000176,England,East Midlands,NMD,Non-metropolitan district,NTT,,Rushcliffe,,True,True,117.0,52.90084728346744,-1.0377351216002713,121416.0,,
RUT,Rutland County Council,Rutland,E06000017,England,East Midlands,UA,Unitary authority,,,"Rutland,Rutland UA,rutland,rutland county council",,True,True,353.0,52.66072351540426,-0.6546906156552161,40476.0,,
RYE,Ryedale District Council,Ryedale,E07000167,England,Yorkshire and The Humber,NMD,Non-metropolitan district,NYK,,Ryedale,,False,True,118.0,54.21049237630077,-0.8520074607323913,55629.0,2023-04-01,NYE
SAL,St Albans City and District Council,St Albans,E07000240,England,East of England,NMD,Non-metropolitan district,HRT,,St Albans,E07000100,True,True,210.0,51.77206179611826,-0.3424945557328514,149317.0,,
SAW,Sandwell Metropolitan Borough Council,Sandwell,E08000028,England,West Midlands,MD,Metropolitan district,,WMCA,"Sandwell,sandwell,sandwell district,sandwell metropolitan borough council",,True,True,280.0,52.51542732389113,-2.0089727073026205,329042.0,,
SAY,South Ayrshire Council,South Ayrshire,S12000028,Scotland,Scotland,SCO,Scottish unitary authority,,,"South Ayrshire,south ayrshire,south ayrshire council,south ayshire",,True,True,322.0,55.26828180012146,-4.689288818670376,112140.0,,
SBU,South Bucks District Council,South Bucks,E07000006,England,South East,NMD,Non-metropolitan district,BKM,,"South Bucks,south buckinghamshire district council",,False,True,124.0,,,,2020-03-31,BUC
SCA,South Cambridgeshire District Council,South Cambridgeshire,E07000012,England,East of England,NMD,Non-metropolitan district,CAM,CPCA,South Cambridgeshire,,True,True,125.0,52.172789667729496,0.0813003887673401,160904.0,,
SCB,Scottish Borders Council,The Scottish Borders,S12000026,Scotland,Scotland,SCO,Scottish unitary authority,,,"The Scottish Borders,scottish borders,the scottish borders",,True,True,320.0,55.57624166331704,-2.788466844560002,115240.0,,
SCE,Scarborough Borough Council,Scarborough,E07000168,England,Yorkshire and The Humber,NMD,Non-metropolitan district,NYK,,"Scarborough,scarborough,scarborough borough council,scarborough district",,False,True,119.0,54.36648447856128,-0.6349710863987603,108737.0,2023-04-01,NYE
SCR,South Yorkshire Mayoral Combined Authority,South Yorkshire Mayoral Combined Authority,E47000002,England,Yorkshire and The Humber,COMB,Combined authority,,,"Sheffield City Region Combined Authority,Sheffield City Region,Sheffield City CA,sheffield city region combined authority",,True,False,,53.47344959629804,-1.3663137051626304,1415054.0,,
SDE,South Derbyshire District Council,South Derbyshire,E07000039,England,East Midlands,NMD,Non-metropolitan district,DBY,,South Derbyshire,,True,True,126.0,52.83099328958791,-1.5595452850429503,109516.0,,
SED,St Edmundsbury Borough Council,St Edmundsbury,E07000204,England,,NMD,Non-metropolitan district,SFK,,St Edmundsbury,,False,True,138.0,,,,2019-03-31,WSK
SEG,Sedgemoor District Council,Sedgemoor,E07000188,England,South West,NMD,Non-metropolitan district,SOM,,Sedgemoor,,False,True,120.0,51.18447404125414,-2.952857845654034,123446.0,2023-04-01,SMT
SEL,Selby District Council,Selby,E07000169,England,Yorkshire and The Humber,NMD,Non-metropolitan district,NYK,,Selby,,False,True,121.0,53.78705112913956,-1.134680467696615,91697.0,2023-04-01,NYE
SEV,Sevenoaks District Council,Sevenoaks,E07000111,England,South East,NMD,Non-metropolitan district,KEN,,Sevenoaks,,True,True,122.0,51.275410311889445,0.1719723190989084,121387.0,,
SFK,Suffolk County Council,Suffolk,E10000029,England,East of England,CTY,County,,,"Suffolk,suffolk,suffolk county,suffolk county council",,True,False,23.0,52.46793689990327,-0.1112163802179236,761246.0,,
SFT,Sefton Metropolitan Borough Council,Sefton,E08000014,England,North West,MD,Metropolitan district,,LCR,"Sefton,sefton,sefton council,sefton district,sefton metropolitan borough council",,True,True,281.0,53.565379666137886,-3.015016318883544,275899.0,,
SGC,South Gloucestershire Council,South Gloucestershire,E06000025,England,South West,UA,Unitary authority,,WECA,"South Gloucestershire,South Gloucestershire UA,south gloucestershire,south gloucestershire council",,True,True,355.0,51.54685567791893,-2.470548927985032,287816.0,,
SHA,South Hams District Council,South Hams,E07000044,England,South West,NMD,Non-metropolitan district,DEV,,"South Hams,south hams,south hams district,south hams district council",,True,True,127.0,50.37401807021486,-3.822949555101277,87946.0,,
SHE,Folkestone and Hythe District Council,Folkestone and Hythe,E07000112,England,South East,NMD,Non-metropolitan district,KEN,,"Folkestone and Hythe,Shepway District Council,Shepway",,True,True,123.0,51.05388988809265,0.9941241130735337,113320.0,,
SHF,Sheffield City Council,Sheffield,E08000019,England,Yorkshire and The Humber,MD,Metropolitan district,,SCR,"Sheffield,sheffield,sheffield city council,sheffield district",,True,True,282.0,53.40441482465943,-1.5503791233657962,589214.0,,
SHN,St Helens Council,St. Helens,E08000013,England,North West,MD,Metropolitan district,,LCR,"St. Helens,St Helens,st helens,st helens council,st. helens,st. helens district,st helens metropolitan borough council",,True,True,285.0,53.45947263436788,-2.723620581605936,181095.0,,
SHO,South Holland District Council,South Holland,E07000140,England,East Midlands,NMD,Non-metropolitan district,LIN,,"South Holland,south holland,south holland district,south holland district council",,True,True,128.0,52.79755782143779,-0.0322907936524514,95857.0,,
SHR,Shropshire Council,Shropshire,E06000051,England,West Midlands,UA,Unitary authority,,,"Shropshire,Shropshire UA,shropshire,shropshire council",,True,True,354.0,52.634901436081904,-2.7340529727893923,325415.0,,
SKE,South Kesteven District Council,South Kesteven,E07000141,England,East Midlands,NMD,Non-metropolitan district,LIN,,South Kesteven,,True,True,129.0,52.85429106105492,-0.5178425812889288,143225.0,,
SKP,Stockport Metropolitan Borough Council,Stockport,E08000007,England,North West,MD,Metropolitan district,,GMCA,"Stockport,stockport,stockport district,stockport metropolitan borough council",,True,True,286.0,53.39396134376089,-2.128108751007109,294197.0,,
SLA,South Lakeland District Council,South Lakeland,E07000031,England,North West,NMD,Non-metropolitan district,CMA,,"South Lakeland,south lakeland,south lakeland district,south lakeland district council",,False,True,130.0,54.29269551722641,-2.850076833295411,104905.0,2023-04-01,WAF
SLF,Salford City Council,Salford,E08000006,England,North West,MD,Metropolitan district,,GMCA,"Salford,salford,salford city council,salford district",,True,True,279.0,53.48953887899359,-2.370190747760747,262697.0,,
SLG,Slough Borough Council,Slough,E06000039,England,South East,UA,Unitary authority,,,"Slough,Slough UA,slough,slough borough council",,True,True,376.0,51.50839941899477,-0.5862346624400908,149577.0,,
SLK,South Lanarkshire Council,South Lanarkshire,S12000029,Scotland,Scotland,SCO,Scottish unitary authority,,,"South Lanarkshire,south lanarkshire,south lanarkshire council",,True,True,323.0,55.61265257952427,-3.8106358552255366,320820.0,,
SMT,Somerset Council,Somerset,E06000066,England,South West,UA,Unitary authority,,,"Somerset,somerset",,True,True,,51.11561060978463,-2.892494846753527,563851.0,,
SND,Sunderland City Council,Sunderland,E08000024,England,North East,MD,Metropolitan district,,NECA,"Sunderland,sunderland,sunderland city council,sunderland district",,True,True,287.0,54.88039884797817,-1.45195283374688,277846.0,,
SNO,South Norfolk District Council,South Norfolk,E07000149,England,East of England,NMD,Non-metropolitan district,NFK,,South Norfolk,,True,True,131.0,52.51457322546016,1.2759971896441038,143066.0,,
SNR,South Northamptonshire Council,South Northamptonshire,E07000155,England,East Midlands,NMD,Non-metropolitan district,NTH,,South Northamptonshire,,False,True,132.0,,,,2021-04-01,WNT
SOL,Solihull Metropolitan Borough Council,Solihull,E08000029,England,West Midlands,MD,Metropolitan district,,WMCA,Solihull,,True,True,283.0,52.41311661030625,-1.72707700885167,217487.0,,
SOM,Somerset County Council,Somerset,E10000027,England,South West,CTY,County,,,"Somerset,somerset,somerset county,somerset county council",,False,False,21.0,51.12529971400356,-2.7357901367778745,563851.0,2023-04-01,SMT
SOS,Southend-on-Sea Borough Council,Southend-on-Sea,E06000033,England,East of England,UA,Unitary authority,,,"Southend-on-Sea,Southend-on-Sea UA,Southend UA",,True,True,378.0,51.5380480893345,0.7285960419883633,182773.0,,
SOX,South Oxfordshire District Council,South Oxfordshire,E07000179,England,South East,NMD,Non-metropolitan district,OXF,,"South Oxfordshire,south oxfordshire,south oxfordshire district,south oxfordshire district council",,True,True,133.0,51.63374964788932,-1.0714082144457044,143782.0,,
SPE,Spelthorne Borough Council,Spelthorne,E07000213,England,South East,NMD,Non-metropolitan district,SRY,,Spelthorne,,True,True,137.0,51.424802538057314,-0.4679835386219939,99873.0,,
SRI,South Ribble Borough Council,South Ribble,E07000126,England,North West,NMD,Non-metropolitan district,LAN,,South Ribble,,True,True,134.0,53.7281308819374,-2.7101949607258167,111086.0,,
SRY,Surrey County Council,Surrey,E10000030,England,South East,CTY,County,,,"Surrey,surrey,surrey county,surrey county council",,True,False,24.0,51.34675381230791,-0.5324429701602681,1199870.0,,
SSO,South Somerset District Council,South Somerset,E07000189,England,South West,NMD,Non-metropolitan district,SOM,,South Somerset,,False,True,135.0,50.98814960077109,-2.709890341568709,168696.0,2023-04-01,SMT
SST,South Staffordshire Council,South Staffordshire,E07000196,England,West Midlands,NMD,Non-metropolitan district,STS,,"South Staffordshire,south staffordshire,south staffordshire council,south staffordshire district",,True,True,136.0,52.62539596750256,-2.1768091357354185,112369.0,,
STA,Stafford Borough Council,Stafford,E07000197,England,West Midlands,NMD,Non-metropolitan district,STS,,"Stafford,stafford,stafford borough council,stafford district",,True,True,407.0,52.84815351076732,-2.176496812156425,137858.0,,
STE,Stoke-on-Trent City Council,Stoke-on-Trent,E06000021,England,West Midlands,UA,Unitary authority,,,"Stoke-on-Trent,Stoke-On-Trent UA",,True,True,357.0,53.01801915652019,-2.164528346517783,256622.0,,
STF,Staffordshire Moorlands District Council,Staffordshire Moorlands,E07000198,England,West Midlands,NMD,Non-metropolitan district,STS,,Staffordshire Moorlands,,True,True,139.0,53.07931489402547,-1.9812540314568643,98427.0,,
STG,Stirling Council,Stirling,S12000030,Scotland,Scotland,SCO,Scottish unitary authority,,,"Stirling,stirling,stirling council",,True,True,324.0,56.24401437844241,-4.3403403236084985,94080.0,,
STH,Southampton City Council,Southampton,E06000045,England,South East,UA,Unitary authority,,,"Southampton,Southampton UA,city of southampton,southampton,southampton city council",,True,True,377.0,50.916995975130064,-1.3987136954844517,252872.0,,
STN,London Borough of Sutton,Sutton,E09000029,England,London,LBO,London borough,,GLA,"Sutton,london borough of sutton,sutton,sutton london boro",,True,True,254.0,51.3620855396189,-0.1775664087611929,207707.0,,
STO,Stroud District Council,Stroud,E07000082,England,South West,NMD,Non-metropolitan district,GLS,,Stroud,,True,True,212.0,51.72926513796569,-2.3001477316823817,120903.0,,
STR,Stratford-on-Avon District Council,Stratford-on-Avon,E07000221,England,West Midlands,NMD,Non-metropolitan district,WAR,,Stratford-on-Avon,,True,True,140.0,52.17878573484992,-1.6228389374606134,132402.0,,
STS,Staffordshire County Council,Staffordshire,E10000028,England,West Midlands,CTY,County,,,"Staffordshire,staffordshire,staffordshire county,staffordshire county council",,True,False,22.0,52.74915681209898,-2.0220493344726065,883172.0,,
STT,Stockton-on-Tees Borough Council,Stockton-on-Tees,E06000004,England,North East,UA,Unitary authority,,TVCA,"Stockton-on-Tees,Stockton-On-Tees UA,Stockton On Tees UA,stockton on tees,stockton-on-tees,stockton-on-tees borough council",,True,True,356.0,54.56274136506493,-1.3289799551794848,197419.0,,
STV,Stevenage Borough Council,Stevenage,E07000243,England,East of England,NMD,Non-metropolitan district,HRT,,"Stevenage,stevenage,stevenage borough council,stevenage district",E07000101,True,True,211.0,51.90431488961615,-0.1893323351714038,88104.0,,
STY,South Tyneside Council,South Tyneside,E08000023,England,North East,MD,Metropolitan district,,NECA,"South Tyneside,south tyneside,south tyneside council,south tyneside district",,True,True,284.0,54.96352937925816,-1.4442525346180826,151133.0,,
SUF,Suffolk Coastal District Council,Suffolk Coastal,E07000205,England,,NMD,Non-metropolitan district,SFK,,Suffolk Coastal,,False,True,141.0,,,,2019-03-31,ESK
SUR,Surrey Heath Borough Council,Surrey Heath,E07000214,England,South East,NMD,Non-metropolitan district,SRY,,Surrey Heath,,True,True,142.0,51.34292838653733,-0.6705485787139046,89204.0,,
SWA,City and County of Swansea Council,Swansea,W06000011,Wales,Wales,WPA,Welsh unitary authority,,,"Swansea,Abertawe,Cityï¾ and County of Swansea,abertawe,city and county of swansea council,swansea,swansea city council",,True,True,400.0,51.64162397255502,-4.061216564007324,246563.0,,
SWD,Swindon Borough Council,Swindon,E06000030,England,South West,UA,Unitary authority,,,"Swindon,Swindon UA,swindon,swindon borough council",,True,True,379.0,51.57151810657135,-1.7438128296153603,222881.0,,
SWK,London Borough of Southwark,Southwark,E09000028,England,London,LBO,London borough,,GLA,"Southwark,london borough of southwark,southwark,southwark london boro",,True,True,253.0,51.47422966724584,-0.0740580631979552,320017.0,,
SWL,Swale Borough Council,Swale,E07000113,England,South East,NMD,Non-metropolitan district,KEN,,Swale,,True,True,143.0,51.34166345933525,0.8132109078565494,151015.0,,
SWT,Somerset West and Taunton Council,Somerset West and Taunton,E07000246,England,South West,NMD,Non-metropolitan district,SOM,,"Somerset West and Taunton,Somerset West & Taunton",,False,True,411.0,51.08690620041343,-3.362575880275063,155421.0,2023-04-01,SMT
TAM,Tameside Metropolitan Borough Council,Tameside,E08000008,England,North West,MD,Metropolitan district,,GMCA,"Tameside,tameside,tameside district,tameside metropolitan borough council",,True,True,288.0,53.4774719308123,-2.0628138408514944,227117.0,,
TAN,Tandridge District Council,Tandridge,E07000215,England,South East,NMD,Non-metropolitan district,SRY,,Tandridge,,True,True,214.0,51.22703213566744,-0.043406638879302,88542.0,,
TAU,Taunton Deane Borough Council,Taunton Deane,E07000190,England,,NMD,Non-metropolitan district,SOM,,Taunton Deane,,False,True,144.0,,,,2019-03-31,SWT
TAW,Tamworth Borough Council,Tamworth,E07000199,England,West Midlands,NMD,Non-metropolitan district,STS,,Tamworth,,True,True,213.0,52.62642824611261,-1.6778453302279788,76864.0,,
TEI,Teignbridge District Council,Teignbridge,E07000045,England,South West,NMD,Non-metropolitan district,DEV,,Teignbridge,,True,True,145.0,50.60630324730937,-3.6567601373806737,135039.0,,
TEN,Tendring District Council,Tendring,E07000076,England,East of England,NMD,Non-metropolitan district,ESS,,Tendring,,True,True,146.0,51.871311861448746,1.1150187816535675,147353.0,,
TES,Test Valley Borough Council,Test Valley,E07000093,England,South East,NMD,Non-metropolitan district,HAM,,Test Valley,,True,True,147.0,51.12843513028244,-1.5106533666804722,127163.0,,
TEW,Tewkesbury Borough Council,Tewkesbury,E07000083,England,South West,NMD,Non-metropolitan district,GLS,,Tewkesbury,,True,True,148.0,51.94561525069175,-2.087444553424355,96624.0,,
TFW,Telford & Wrekin Council,Telford and Wrekin,E06000020,England,West Midlands,UA,Unitary authority,,,"Telford and Wrekin,Telford and the Wrekin UA,Telford & Wrekin UA,telford and wrekin,telford and wrekin council",,True,True,358.0,52.73019498472236,-2.488795247370711,181322.0,,
THA,Thanet District Council,Thanet,E07000114,England,South East,NMD,Non-metropolitan district,KEN,,Thanet,,True,True,149.0,51.35452755402557,1.3405526776616787,141458.0,,
THE,Three Rivers District Council,Three Rivers,E07000102,England,East of England,NMD,Non-metropolitan district,HRT,,Three Rivers,,True,True,215.0,51.66096739604641,-0.4605986783132673,93966.0,,
THR,Thurrock Council,Thurrock,E06000034,England,East of England,UA,Unitary authority,,,"Thurrock,Thurrock UA",,True,True,380.0,51.50598371910701,0.3732046175268171,175531.0,,
TOB,Torbay Council,Torbay,E06000027,England,South West,UA,Unitary authority,,,"Torbay,Torbay UA,torbay,torbay council",,True,True,359.0,50.44061869226964,-3.530209751050475,136218.0,,
TOF,Torfaen County Borough Council,Torfaen,W06000020,Wales,Wales,WPA,Welsh unitary authority,,,"Torfaen,Tor-faen,torfaen,torfaen county borough council",,True,True,401.0,51.69858737828872,-3.053426963217659,94832.0,,
TON,Tonbridge and Malling Borough Council,Tonbridge and Malling,E07000115,England,South East,NMD,Non-metropolitan district,KEN,,"Tonbridge and Malling,Tonbridge & Malling",,True,True,150.0,51.27361808281248,0.3578371539074972,132571.0,,
TOR,Torridge District Council,Torridge,E07000046,England,South West,NMD,Non-metropolitan district,DEV,,Torridge,,True,True,151.0,50.88736572271978,-4.250752838311364,68719.0,,
TRF,Trafford Metropolitan Borough Council,Trafford,E08000009,England,North West,MD,Metropolitan district,,GMCA,"Trafford,trafford,trafford council,trafford district",,True,True,289.0,53.41899614581493,-2.355349824146495,237579.0,,
TUN,Tunbridge Wells Borough Council,Tunbridge Wells,E07000116,England,South East,NMD,Non-metropolitan district,KEN,,Tunbridge Wells,,True,True,216.0,51.11439772826333,0.4308246609848656,118939.0,,
TVCA,Tees Valley Combined Authority,Tees Valley,E47000006,England,North East,COMB,Combined authority,,,Tees Valley CA,,True,False,,54.5754309499998,-1.2762709791286553,677170.0,,
TWH,London Borough of Tower Hamlets,Tower Hamlets,E09000030,England,London,LBO,London borough,,GLA,"Tower Hamlets,london borough of tower hamlets,tower hamlets,tower hamlets london boro",,True,True,255.0,51.51573818572293,-0.0346721858626069,331969.0,,
UTT,Uttlesford District Council,Uttlesford,E07000077,England,East of England,NMD,Non-metropolitan district,ESS,,Uttlesford,,True,True,152.0,51.93460029169756,0.2798048205628903,92759.0,,
VAL,Vale of White Horse District Council,Vale of White Horse,E07000180,England,South East,NMD,Non-metropolitan district,OXF,,Vale of White Horse,,True,True,153.0,51.634232492682536,-1.441668489615587,137910.0,,
VGL,Vale of Glamorgan Council,The Vale of Glamorgan,W06000014,Wales,Wales,WPA,Welsh unitary authority,,,"The Vale of Glamorgan,Bro Morgannwg,bro morgannwg,the vale of glamorgan,vale of glamorgan,vale of glamorgan council",,True,True,402.0,51.444749875523975,-3.3991624767096478,135295.0,,
WAE,Waverley Borough Council,Waverley,E07000216,England,South East,NMD,Non-metropolitan district,SRY,,Waverley,,True,True,156.0,51.14982918794226,-0.6326661735782123,126556.0,,
WAF,Westmorland and Furness Council,Westmorland and Furness,E06000064,England,North West,UA,Unitary authority,,,"Westmorland and Furness Council,westmorland and furness Council",,True,True,,54.34401050125833,-2.8947277204402977,225385.0,,
WAR,Warwickshire County Council,Warwickshire,E10000031,England,West Midlands,CTY,County,,,Warwickshire,,True,False,25.0,51.81204390359955,-0.9016945807738476,583786.0,,
WAT,Watford Borough Council,Watford,E07000103,England,East of England,NMD,Non-metropolitan district,HRT,,Watford,,True,True,217.0,51.66808270756288,-0.4033519877259762,96623.0,,
WAV,Waveney District Council,Waveney,E07000206,England,,NMD,Non-metropolitan district,SFK,,Waveney,,False,True,155.0,,,,2019-03-31,ESK
WAW,Warwick District Council,Warwick,E07000222,England,West Midlands,NMD,Non-metropolitan district,WAR,,Warwick,,True,True,154.0,52.31000275720905,-1.5846650870745134,144909.0,,
WBK,West Berkshire Council,West Berkshire,E06000037,England,South East,UA,Unitary authority,,,"West Berkshire,West Berkshire UA,west berkshire,west berkshire council",,True,True,361.0,51.44962857579953,-1.3044355561501662,158465.0,,
WDE,West Devon Borough Council,West Devon,E07000047,England,South West,NMD,Non-metropolitan district,DEV,,"West Devon,west devon,west devon borough council,west devon district",,True,True,159.0,50.65609002591485,-4.04621752405215,56139.0,,
WDO,West Dorset District Council,West Dorset,E07000052,England,,NMD,Non-metropolitan district,DOR,,"West Dorset,west dorset,west dorset district,west dorset district council",,False,True,404.0,,,,2019-03-31,DST
WDU,West Dunbartonshire Council,West Dunbartonshire,S12000039,Scotland,Scotland,SCO,Scottish unitary authority,,,"West Dunbartonshire,west dunbartonshire,west dunbartonshire council",,True,True,325.0,55.98487953481324,-4.517602955341643,88340.0,,
WEA,Wealden District Council,Wealden,E07000065,England,South East,NMD,Non-metropolitan district,ESX,,Wealden,,True,True,157.0,50.9673719495783,0.1986538965742697,162733.0,,
WECA,West of England Combined Authority,West of England,E47000009,England,South West,COMB,Combined authority,,,West of England CA,,True,False,,,,950039.0,,
WEL,Wellingborough Borough Council,Wellingborough,E07000156,England,East Midlands,NMD,Non-metropolitan district,NTH,,Wellingborough,,False,True,158.0,,,,2021-04-01,NNT
WEW,Welwyn Hatfield Borough Council,Welwyn Hatfield,E07000241,England,East of England,NMD,Non-metropolitan district,HRT,,Welwyn Hatfield,E07000104,True,True,218.0,51.76688937910623,-0.194085120862033,123893.0,,
WEY,Weymouth and Portland Borough Council,Weymouth and Portland,E07000053,England,South West,NMD,Non-metropolitan district,DOR,,"Weymouth and Portland,Weymouth & Portland",,False,True,221.0,,,,2019-03-31,DST
WFT,London Borough of Waltham Forest,Waltham Forest,E09000031,England,London,LBO,London borough,,GLA,"Waltham Forest,london borough of waltham forest,waltham forest,waltham forest london boro",,True,True,256.0,51.59401737791972,-0.0126365549472921,276940.0,,
WGN,Wigan Metropolitan Borough Council,Wigan,E08000010,England,North West,MD,Metropolitan district,,GMCA,"Wigan,wigan,wigan council,wigan district",,True,True,292.0,53.52414924879084,-2.5895088338917263,330712.0,,
WIL,Wiltshire Council,Wiltshire,E06000054,England,South West,UA,Unitary authority,,,"Wiltshire,Wiltshire UA,wiltshire,wiltshire council",,True,True,362.0,51.29711579862765,-1.944607882084722,504070.0,,
WIN,Winchester City Council,Winchester,E07000094,England,South East,NMD,Non-metropolitan district,HAM,,Winchester,,True,True,222.0,51.02816492320124,-1.221074260474177,125925.0,,
WKF,Wakefield Metropolitan District Council,Wakefield,E08000036,England,Yorkshire and The Humber,MD,Metropolitan district,,WYCA,"Wakefield,wakefield,wakefield district,wakefield metropolitan district council",,True,True,290.0,53.66067508359946,-1.41180773208405,351592.0,,
WLA,West Lancashire Borough Council,West Lancashire,E07000127,England,North West,NMD,Non-metropolitan district,LAN,,"West Lancashire,west lancashire,west lancashire borough council,west lancashire district",,True,True,219.0,53.60954767891912,-2.882442248374857,114496.0,,
WLI,West Lindsey District Council,West Lindsey,E07000142,England,East Midlands,NMD,Non-metropolitan district,LIN,,"West Lindsey,west lindsey,west lindsey district,west lindsey district council",,True,True,160.0,53.39275474553512,-0.4771146577781644,96186.0,,
WLL,Walsall Metropolitan Borough Council,Walsall,E08000030,England,West Midlands,MD,Metropolitan district,,WMCA,"Walsall,walsall,walsall council,walsall district",,True,True,291.0,52.59925591878938,-1.9663478518550048,286716.0,,
WLN,West Lothian Council,West Lothian,S12000040,Scotland,Scotland,SCO,Scottish unitary authority,,,"West Lothian,west lothian,west lothian council",,True,True,326.0,55.88498410959091,-3.573788743330956,183820.0,,
WLV,City of Wolverhampton Council,Wolverhampton,E08000031,England,West Midlands,MD,Metropolitan district,,WMCA,"Wolverhampton,city of wolverhampton,city of wolverhampton district,wolverhampton,wolverhampton city council",,True,True,294.0,52.589190505434544,-2.1209914536604693,264407.0,,
WMCA,West Midlands Combined Authority,West Midlands,E47000007,England,West Midlands,COMB,Combined authority,,,West Midlands CA,,True,False,,,,2939927.0,,
WND,London Borough of Wandsworth,Wandsworth,E09000032,England,London,LBO,London borough,,GLA,"Wandsworth,london borough of wandsworth,wandsworth,wandsworth london boro",,True,True,257.0,51.45196377489889,-0.1861907721502609,329735.0,,
WNM,Royal Borough of Windsor and Maidenhead,Windsor and Maidenhead,E06000040,England,South East,UA,Unitary authority,,,"Windsor and Maidenhead,Windsor & Maidenhead UA,royal borough of windsor and maidenhead,windsor and maidenhead",,True,True,363.0,51.48567208466636,-0.6994783215974161,151273.0,,
WNT,West Northamptonshire Council,West Northamptonshire,E06000062,England,East Midlands,UA,Unitary authority,,,West Northamptonshire,,True,True,,52.22282021010607,-1.0363450240300478,406733.0,,
WOC,Worcester City Council,Worcester,E07000237,England,West Midlands,NMD,Non-metropolitan district,WOR,,"Worcester,worcester,worcester city,worcester city council,worcester district",,True,True,224.0,52.19669266240832,-2.2113242238771478,100265.0,,
WOI,Woking Borough Council,Woking,E07000217,England,South East,NMD,Non-metropolitan district,SRY,,Woking,,True,True,223.0,51.313878625625634,-0.5607701174785087,100008.0,,
WOK,Wokingham Borough Council,Wokingham,E06000041,England,South East,UA,Unitary authority,,,"Wokingham,Wokingham UA,wokingham,wokingham borough council",,True,True,381.0,51.42940595634225,-0.8838421855036014,173945.0,,
WOR,Worcestershire County Council,Worcestershire,E10000034,England,West Midlands,CTY,County,,,"Worcestershire,worcestershire,worcestershire county,worcestershire county council",,True,False,27.0,52.060683848889184,-1.8712255435907792,598070.0,,
WOT,Worthing Borough Council,Worthing,E07000229,England,South East,NMD,Non-metropolitan district,WSX,,"Worthing,adur and worthing borough council",,True,True,225.0,50.82920555902215,-0.3958120020555553,110727.0,,
WOX,West Oxfordshire District Council,West Oxfordshire,E07000181,England,South East,NMD,Non-metropolitan district,OXF,,West Oxfordshire,,True,True,220.0,51.837569801832274,-1.5069302321893132,111758.0,,
WRL,Wirral Borough Council,Wirral,E08000015,England,North West,MD,Metropolitan district,,LCR,"Wirral,wirral,wirral council,wirral district",,True,True,293.0,53.36834283944602,-3.0926764439988625,324336.0,,
WRT,Warrington Borough Council,Warrington,E06000007,England,North West,UA,Unitary authority,,,"Warrington,Warrington UA,warrington,warrington borough council",,True,True,360.0,53.3988088671587,-2.5636258674832293,209397.0,,
WRX,Wrexham County Borough Council,Wrexham,W06000006,Wales,Wales,WPA,Welsh unitary authority,,,"Wrexham,Wrecsam,wrecsam,wrexham,wrexham county borough council",,True,True,403.0,52.9902689915248,-3.017863959839133,136055.0,,
WSK,West Suffolk Council,West Suffolk,E07000245,England,East of England,NMD,Non-metropolitan district,SFK,,West Suffolk,,True,True,410.0,52.27771279713101,0.6220783109865008,177302.0,,
WSM,City of Westminster,Westminster,E09000033,England,London,LBO,London borough,,GLA,"Westminster,city of westminster,city of westminster london boro,westminster,westminster city",,True,True,258.0,51.51344188347725,-0.1604557185260401,269848.0,,
WSO,West Somerset District Council,West Somerset,E07000191,England,,NMD,Non-metropolitan district,SOM,,West Somerset,,False,True,161.0,,,,2019-03-31,SWT
WSX,West Sussex County Council,West Sussex,E10000032,England,South East,CTY,County,,,"West Sussex,west sussex,west sussex county,west sussex county council",,True,False,26.0,50.95812431783775,-0.3972356512777322,867635.0,,
WYC,Wychavon District Council,Wychavon,E07000238,England,West Midlands,NMD,Non-metropolitan district,WOR,,Wychavon,,True,True,162.0,52.164187305082095,-2.0508165247517955,131084.0,,
WYCA,West Yorkshire Combined Authority,West Yorkshire,E47000003,England,Yorkshire and The Humber,COMB,Combined authority,,,West Yorkshire CA,,True,False,,53.73611262764813,-1.7017944284322837,2345235.0,,
WYE,Wyre Forest District Council,Wyre Forest,E07000239,England,West Midlands,NMD,Non-metropolitan district,WOR,,Wyre Forest,,True,True,226.0,52.37957653584576,-2.274666946756108,101139.0,,
WYO,Wycombe District Council,Wycombe,E07000007,England,South East,NMD,Non-metropolitan district,BKM,,Wycombe,,False,True,163.0,,,,2020-03-31,BUC
WYR,Wyre Borough Council,Wyre,E07000128,England,North West,NMD,Non-metropolitan district,LAN,,"Wyre,wyre,wyre council,wyre district",,True,True,164.0,53.90294826807342,-2.8538780073821868,113067.0,,
YNYC,York and North Yorkshire Mayoral Combined Authority,York and North Yorkshire,E47000012,England,Yorkshire and The Humber,COMB,Combined authority,,,York and North Yorkshire CA,,True,False,,54.16561062368424,-1.3778378941997595,831622.0,,
YOR,City of York Council,York,E06000014,England,Yorkshire and The Humber,UA,Unitary authority,,YNYC,"York,York UA,city of york council,york",,True,True,364.0,53.95871937684785,-1.0614497156516969,211012.0,,
ZET,Shetland Islands Council,Shetland Islands,S12000027,Scotland,Scotland,SCO,Scottish unitary authority,,,"Shetland Islands,shetland,shetland islands,shetland islands council",,True,True,321.0,60.39486075636963,-1.2540216979757517,22870.0,,
